V3,V4,V5,V6,V7,V8,V9,V10,V11,V12,V13,V14,V15,V16,V17,V18,V19,V20,V21,V22,V23,V24,V25,V26,V27,V28,V29,V30,V31,V32,outcome
-0.5071699706884264,0.876614773063305,-0.1699261950667883,-0.4603086101355977,-0.45792253398398747,0.8437168889033165,0.5883190758099859,0.9386129873274248,-0.4509278490970137,0.2935245989929938,0.32500470782746266,0.6637317861071845,0.5603473162901295,-0.08258949309844808,0.7876792525033091,2.7418678508275667,0.5806085149239828,2.065360442496486,0.26465072645319065,3.471220631573503,-0.5274285930542827,0.3079559819151084,-0.33364179900487384,-0.33719288735695785,-0.8088755557782826,0.5099577130341109,-0.15285125590889154,0.3817569303762314,-0.8595078042471503,0.5777104438598774,0
0.15967663555623296,-1.490256964052844,0.44985288027717474,-0.07100909460156044,-0.10311916820454262,-0.7047725898037821,-0.5886782291359977,0.8708344517703965,-0.15546141316485407,-1.0690116161003154,-0.5714561121394919,-0.30246336126063744,-0.5836518874982106,-0.4982760620245676,-0.9835008368320842,-0.4304256004974277,-0.025631577495878747,0.8628228302626758,-0.7321590553589956,-0.8064424170677992,0.12223891222590938,-1.4248057493992567,0.07257746532079111,3.809063690049214e-4,-0.6249266677501643,-0.6544257129900803,-0.4696887774443565,0.15964404447614247,-0.19356814904767364,-1.111539784855016,1
-0.07868555561207081,-1.1368537184323582,-0.1913262693814541,-0.24434683509481792,1.1191393203222444,0.8967343814489251,0.5770295354236343,1.1025184953664748,1.40212090958863,0.27086287400183784,1.0581120477280332,0.5332138675134074,0.8907370560785475,1.4434264569201252,0.09925705531333973,0.7316132434045816,1.2289210072003047,1.071889342362624,1.147746771019812,0.3749317935561702,-0.2688029938185374,-0.7300740505530278,-0.2101392387886459,-0.4237817949047726,0.3167164495366335,0.1889895743101933,0.13762308304797938,0.9568163198983792,0.10222543566471488,0.08106755459168331,1
-1.3788945555325087,0.5046113566206888,-1.3654495774533837,-1.0902918407479776,-0.10311916820454262,-1.1190664244101811,-0.8633903785372237,-0.9223330402668808,0.2056642307522299,-0.3268401226399261,-0.8314513861524341,0.4679549082165192,-0.8200684977060907,-0.6387433901809877,-0.0196431500068436,-0.8380605625581998,-0.7448377199240314,-0.8947944749496793,0.3989297140516769,-0.4780309682411101,-1.4183420573015786,0.957131503787814,-1.3213646842040545,-1.0471165472114543,-0.1168773579582171,-1.1675298286174436,-0.905687884235066,-1.043264577997832,-0.342273120597072,-0.6503318397486555,0
-0.13260081313823463,-1.006652522677442,-0.19667628796012027,-0.23610618841563036,-0.26736681849522714,0.016265308816495645,-0.3419390520253987,-0.2955748711615836,0.18013009431364793,-0.30417839764876914,-0.7748366038777713,-1.0761445787026385,-0.7063115513717552,-0.4943192358793164,-0.7606878470303958,-0.810140359677325,-0.37049274482324257,-0.2732672858773529,-0.20593059044600903,-0.8215591696029746,-0.4219093485660987,-1.0066651250351335,-0.1744276551116643,-0.3013629945785518,-0.29644651055709564,-0.4796410829919076,-0.1379920075464114,0.4213112799200832,0.04080381698126851,-0.6359363936829109,0
-0.027607943218862938,1.9972750650966884,-0.0913220759494598,-0.311692809679903,0.6427500316003433,0.8967343814489251,-0.3687830702773906,0.669045123477038,1.416711844696391,0.8459041456524438,0.9340643719160332,1.2474369220404655,1.057415712229291,0.10052362795679123,0.5568729715876591,0.9840118774476896,-0.1833202572728481,1.1950603107315856,0.7352320433523903,0.8155851299565376,-0.10948962468931832,1.075902965183071,-0.2955494430827601,-0.12168662049860392,0.014514704919010574,-0.14341901292269524,-0.11738079207587436,0.5916992471859046,0.7859450331146629,0.9774609076855578,0
-0.8760638379727064,2.0786508124435112,-0.6534855666000927,-0.7166211378813653,-0.4024622884312884,-0.1280180101826251,-0.7829837631188739,-0.9367649717923318,-0.01684752964112485,1.7877820905974038,-0.5855196567809687,0.7253652476653571,-0.39075967414868507,-0.5042113012424446,0.2464668333288048,0.28098116890726205,-0.4967099443926236,-0.5157196130878353,1.960679020264701,-0.11409515095675876,-0.8315722977555194,1.1393562116819071,-0.6797465641409529,-0.6464891676646689,-0.2614086271231673,-0.1949010312130661,-0.7654357529169463,-0.8914367285948945,0.11515630275596722,0.3794962249546228,0
-0.94416732116365,-1.0926783127297974,-0.8304477195867487,-0.971228704245232,-0.3249601504153379,-0.4444188317673111,-0.7602792430085442,-0.6324058444430899,0.5303125368999123,-0.6398551990802817,-0.45714473646389886,-0.8078577460376521,-0.62767087977541,-0.4864055835888138,-0.33337982622984863,0.12295282060151072,-0.5096298152146862,-0.255439908876582,0.04327185500703744,-0.3933771540441271,-0.8998494559537562,-1.078253403136384,-0.9279420706959746,-0.7738257964114551,-0.20009233111379512,-0.13706320819548892,-0.7467418598157615,-0.7455420316235346,0.3786227197402258,-0.4188973606916821,0
-1.2656725147275647,-1.2949551704204705,-1.301660894400054,-1.0664223814013651,0.5360957132297695,0.30407455406408535,-0.6271881057872196,-0.7177088682810231,0.8367221741628925,1.355792957953475,-0.7715911704989689,-0.6227760864761989,-0.6622925590945558,-0.5782918796285378,0.06328724530051097,0.3948955966612314,-0.26580866329063263,0.5176199847022962,0.731602881525404,1.3465610627545788,-1.2391662421510543,-1.2490890667870962,-1.0716811949958251,-0.9642160109790636,0.09334994264534692,0.1387787169652639,-0.418879734656521,-0.5316442798594766,0.8312030679340452,1.6750863708716492,0
1.8367249091332285,-1.064778056496601,1.886127098703756,1.966703917000324,-1.0089698455652898,-0.3722771722677506,0.474169278570207,0.8239306743126811,-1.114815396500138,-0.9911119364432132,-0.3370637014482127,-1.0957222664917048,-0.3764164070021819,-0.11204586551309637,-0.7263833059996427,-0.594037989379354,0.06613263321466878,0.6877904015278352,-0.671673024909227,-0.7849010447051739,1.645026440525978,-1.4004006545920125,1.584367840979675,1.8572124085911064,-1.1285962421128697,-0.7828129684796473,-0.6225952364002011,0.7331821128619886,-0.95648930743154,-1.111539784855016,1
-0.6178381308737105,1.3904444920246697,-0.6411393698800936,-0.4625818919781321,-1.3872371613862615,-1.4739049280904335,-1.1138927357766064,-1.212981832666944,-1.257077013800808,-1.1015878457751036,-0.5934529383735966,0.6963612657556288,-0.8319387877583693,-0.503551830218236,0.06328724530051097,-1.215541705507627,-0.9893214293261396,-0.6152287901648649,-0.9341823970612226,-0.7894360704657265,-0.4198403437722128,1.3915421913567674,-0.7020663039390663,-0.5871239531592707,-0.4847751340144545,-1.2699854008200089,-1.1193734622993778,-1.206198071695774,-0.854658729087931,-0.6132358825792361,1
0.571135179834853,-0.9741022237387136,0.09387087485052913,0.12477730408672538,0.5432060011211403,-0.9768659354753524,-0.6153968080503635,-0.1839851149022934,-1.6473845279334138,-0.9741156426998464,-0.17479203250809605,-0.8506386193545012,-0.6434979331784481,-0.23954359686008173,0.32906417483974454,-1.1282073108962507,-0.7936682060566477,-0.6685488541035339,-0.9426504413241904,-0.8548160251803607,0.6870772209567774,-0.5917785133119755,0.822520722537403,0.6822026895345554,0.9736767639227708,-0.9684024665140708,-0.6360164929856671,-0.6130349606516323,-0.7043373991521268,-0.6913034939357754,0
0.12846253909371713,-1.025252693499573,0.1671249753891915,0.028446986009324996,1.4462125633253398,0.6543687012404282,-0.5931940452905383,0.9945367219885474,1.9310423072449656,0.4535730317430404,-0.016126400655537797,-1.1352401918437096,-0.2750243461389697,-0.10105468177628726,-0.5821710121519131,-0.3656507298137983,-0.9893214293261396,-0.4588340737490121,-0.7261104523140186,-0.11938601434407026,0.7946654702388474,-0.541341317377003,0.6380108735396648,0.3643002094908547,1.9985348543651456,1.1105812597551046,-0.14661995820849663,1.0359250189860825,2.20349133799316,1.569888880391207,1
0.6023492762973688,-0.5207230599492739,1.1906246834771306,0.4060959321003728,3.2806668392992244,3.452934914897914,2.886367741120699,2.764767751422876,0.6689264204236415,2.501626427818847,1.553942147267278,-0.4019832741883926,2.8602160139190875,1.4522194039095726,2.9971581379209464,4.194835208748291,2.8061390837090263,1.6342620532051204,0.13763006250867676,3.3124947299541594,1.096740170146198,-0.3851487106106381,1.6111515287374116,0.9755160274754284,2.3051163344120105,3.2938001835504624,2.7226529675271958,2.021741115309765,-0.08042306199921881,3.114630977446124,1
-1.122938964539878,0.1326079401780716,-1.1530949938693962,-1.0422687618244355,0.3867796675109645,-0.2870704878194512,-0.834915648896092,-1.1305394238278057,-0.39621184244291,0.8770640175152843,-0.7632972851975852,1.528412996790958,-0.8383685282033534,-0.6033517785484624,2.2511176339511687,0.497083539205233,-0.38805051799168666,-0.8228366986920228,1.6679266328878215,0.550664041777586,-1.1584750551895016,0.055770002240247536,-1.1499490825545429,-0.9657967415428168,0.4481085124138612,-0.4796410829919076,-1.1384028868151992,-1.743528697037633,-0.33904040382425843,-0.005305121802785474,0
-0.3510994883758464,1.2555932535642216,-0.43701558410943936,-0.5597646907464832,-0.1770661622748077,0.31354196344722973,0.5406521275120563,0.23763345609123712,-1.308145286677971,0.8359896409688126,-0.83181198986119,-0.5332262923299129,-0.5881032462678151,-0.6387433901809877,-0.7690141919407728,0.497083539205233,0.5941909432240999,-0.4413308308755282,-0.6668341424732455,-0.25090176140009746,-0.6805349478018441,0.854630105597387,-0.5491016871893288,-0.620319294998088,-0.0030042367979536025,1.2389685152446714,1.2549426937880228,0.4867280887810682,-0.4796635834416234,0.8622973391595999,0
-0.48163116449182247,-0.5207230599492739,-0.4394848234534388,-0.602957045754639,0.30856650070587605,-0.05758048437203071,0.16558850800992575,-0.4463370129899547,-0.779223889021636,0.901142100318389,-0.5346745338463988,0.7797477137460976,-0.5035274296453307,-0.48772452563723095,-0.5032372624015392,0.7489237691907238,0.08203401268797643,-0.6465077334480355,0.7437000876153576,1.111495560832599,-0.3908742766578092,-0.2370911354466876,-0.35804471451747766,-0.5179230818127413,0.15466623865471912,0.4266966711077086,0.09112801559118656,-0.41435042025059393,-0.11921566327297492,1.1601723385200102,0
-0.5497346476827665,-1.036877800263405,-0.3851615578854423,-0.3838695081803744,-0.7330906753800701,-0.7956597198819684,-0.8662754833026245,-0.7795600033900985,1.591803065989523,-0.0846429367969371,-0.7961122226943643,-0.7424175118538278,-0.8324333831772142,-0.5789513506527464,-0.7693472457371879,-0.9068559424566752,-0.9878638028744195,-0.952814483734006,-0.05592523493058277,-0.6503619471421115,-0.6143267943974932,-1.3515904649775232,-0.5577319865779329,-0.7144605819060569,-0.8176350266367647,-0.46692947353749503,-0.7074367512440397,-0.6048198265156017,0.6663345125205818,-0.5346146002201692,0
-0.685941614064654,-1.4925819854056108,-0.540723636557433,-0.6421711575383596,-1.5372642358942037,-0.7850562213728466,-0.8009215883994106,-0.7878068214046418,-0.009552062087244151,0.22553942401952384,-0.45714473646389886,-0.5390270887118586,-0.5124301471845396,-0.46728092388676606,0.30741567807276465,-0.32991287012627846,-0.5477268702028196,0.1659344565961818,1.5953433963480996,-0.09746672316806558,-0.7074320101223617,-1.611911476254799,-0.8324135843600488,-0.7745283433286787,-1.2556085695608563,-0.6588747762991246,-0.6508757413481473,-0.7432600499190817,3.948573211060703e-4,-0.16531604153356305,0
-0.8051227096488064,0.4929862498568568,-0.7683051960960862,-0.7527094871316008,-0.4316144687859127,-0.8594700591243616,-0.5870475177468578,-0.822855797966451,0.5011306666843895,-0.750331108412171,-0.674228169134899,0.24136129954676724,-0.5821681012416758,-0.5754341718569674,-0.3943286709738082,-0.5476904525971019,-0.5888054338421982,-0.4413308308755282,-0.11883070659834204,-0.17796343041787543,-0.808813245022774,1.0596329019782411,-0.6818297398554437,-0.6888176194273937,0.1108688843623099,-0.283882297393954,-0.10635618845209872,-0.5400115461091374,1.1059839936231488,-0.3635302604388176,0
-0.3539371335088023,-0.1626697716232554,-0.516442783008101,-0.3685248557432661,-0.6982502647123487,-0.960581991336344,-0.9985763526969044,-0.7272442516103388,-0.2721888940269422,-0.7078403740537526,-0.7301217439920503,0.24136129954676724,-0.62767087977541,-0.5224566662455477,-0.6657675150520983,-0.935669591829738,-0.9878638028744195,-0.255439908876582,-0.5978800677605094,-0.7886802328389678,-0.3929432814516954,0.40720336746456953,-0.5095213486140077,-0.5349598445554148,-0.997204179235642,-0.8177698944792818,-1.1897391932546066,-0.494371912020078,-0.02869959363421125,-0.723970083084965,0
-0.5071699706884264,-0.9624771169748816,-0.5304351392907669,-0.5364635518605041,-0.5553334780957788,-0.6023352202781597,-0.5086479317305262,-0.7272442516103388,-0.3196094331271652,-0.35233456325497764,-0.722909669816934,2.6569992215119307e-4,-0.7557710932562488,-0.5136637192561004,-0.9938255045209516,-0.6504367991987211,-0.22539265712930845,-0.4341998800752198,-0.8857935727014077,-0.5944299627619619,-0.6970869861529317,-0.5950325259529413,-0.6898648461827644,-0.6366535108235378,-1.391380367867325,-0.3773126268838865,-0.6925775028815594,-0.8019830457803382,-0.6316012717638343,-0.4255414127220263,0
-0.4702805839599982,0.7324634491917916,-0.3851615578854423,-0.4185370562790257,-0.04054863476047169,-0.23026603152058467,-0.4317536177657082,-0.4932407904476703,-0.8011102916832771,-0.1540444695823548,-0.674228169134899,-0.5694812697170732,-0.5787059333097613,-0.5136637192561004,-0.4379587183041837,-0.2712804440764414,-0.5155928325171766,0.17889982168765148,-0.2881915918576944,-0.7886802328389678,-0.1632837493303533,0.9766555796336098,-0.18335555103091003,-0.3138332023592716,0.31233671410739305,0.5442790585610245,-0.02439065716228858,0.485206767644766,0.493384165175087,-0.2422763108850447,1
1.1613653674897,2.0391254494464826,1.1371244976904666,1.074440793805523,3.0886890662321917,2.3660763177129365,2.870060627229302,2.764767751422876,0.7199946933008043,2.5837751809117906,1.2045171534828938,4.2620382917828445,1.4372649939022035,0.5841357123763911,1.871436306037978,0.8600461766566054,2.1644521662132497,0.6764457070727997,0.18480916625949603,5.338139569667683,0.525694847033672,1.9040491823089043,1.036790224599292,0.9579523545448372,2.318255540699733,1.7709493709118376,1.9595586645249872,1.4710228639684482,0.3980190203771034,2.5332764247910484,0
-0.2120548768610024,0.025656957950819053,-0.3818692387601092,-0.2775935820418851,-1.957482250274268,-0.9774339800383408,-0.7869978219229101,-0.5950374503146902,-0.4035073099967907,-1.0236881661180015,-0.35725750913853827,-1.0752382042679594,-0.5144085288599194,-0.3762739225459869,-0.5961592716013466,-0.6308926571821089,-0.481139843658343,-0.23923320251224503,0.1642439159065747,-0.6851304779730153,-0.010177394582792373,-0.8179323918591087,-0.22472146879008031,-0.3054026393525877,-1.663361938023186,-0.7955245779340598,-0.555009622880533,-0.7695789055771061,0.11515630275596722,-0.8895177128410299,0
1.4110781391898286,-0.5137479958909754,0.9519315468904777,1.2307289204797716,-1.6360972375842695,-0.9685346152181852,-0.6485127931836618,-0.3630956936556575,0.11082315255178382,-1.6766291174257106,0.23701740289104384,-1.3435250369329457,0.30216850765307207,0.1112949880188642,-0.669431106812664,-0.910708930454236,-0.555015002461419,-0.0204426665936945,-0.642639730293338,-0.8007736348671082,1.440194965931268,-0.9659899670230592,1.584367840979675,1.4058260142749128,-1.478099129366295,-0.5781560562636049,-0.19742900099633212,0.9020487589915084,-0.23397710870783608,-1.014093688409975,0
-0.5894616795441501,-0.08826908833473199,-0.4477156212667717,-0.703265607056475,0.3867796675109645,1.5007551000935382,-0.17485385430739273,-0.4306165161497314,-0.33055263445798577,0.4266622333160402,-1.03338946305569,-1.549453308492016,-0.7285683452197773,-0.6372046244578344,-1.0990705041881168,1.3006269781168098,0.08700319377338528,-0.7729200430898646,-0.5301357136567684,-0.4610246216390377,-0.5481186409931427,-0.29891737562504034,-0.1744276551116643,-0.5753562922957746,0.8510441719040251,3.2938001835504624,1.357040109956032,1.052659551485404,2.871047351579043,1.9851421322876903,1
1.7402449746127244,0.59296216802581,1.8614347052637563,1.5234139577060914,0.5858677284693704,2.1710476844201616,1.9179760546469704,2.03801691389124,-0.9506673765378278,-0.07331207430135812,-0.2299643999477358,-0.6552242912377072,-0.1142808350143652,-0.08258949309844808,-1.255605788503204,0.9840118774476896,0.4865253530402449,0.7072384491650401,-0.8591797193035096,-0.5649522953183695,1.6636474836709516,1.0433628387734122,1.5635360838347698,1.5235026229098738,0.688993961022112,1.3870587653885778,1.9466167385318591,2.4492323546106207,-0.10305207940890997,0.25270556537556327,1
0.34412356919837295,0.15585815370573547,0.47042987481050685,0.3370449961333868,0.29434592492313333,-0.2923722370740118,0.5945910426912924,1.002783540003091,0.20931196452917072,-0.2546058742306139,0.06140339672696237,0.3791302136179761,0.894693819429307,-0.1894237990202324,-0.5225543825936139,0.28321478513773213,-0.4138902596358119,0.9179256319014218,1.0013705773313717,-0.6390243827407298,0.25465521903461114,-0.02395330746341785,0.6469387694589105,-0.08708618482533917,-0.3665222774249499,-0.4472264788831554,-0.6518344025328235,0.9781148158066072,-0.13214653036422727,-0.7427948971709393,1
-0.9016026441693102,2.343703246658876,-1.1609142517920623,-1.0078853739561011,0.7422940620795472,-0.0922312027143392,-0.9323820142315956,-0.9182096312596092,0.5813808097770752,0.6773575660307147,-0.722909669816934,0.24136129954676724,-0.6494330782045873,-0.5714773457117162,-0.7004051098792665,-0.32600404172295594,-0.555015002461419,-0.6090702417464169,0.5900655702729458,-0.6915550978004648,-0.7012249957407036,3.2105352576567303,-0.6764730023038963,-0.6438546167250803,1.1225877685169623,0.7578340973951558,-0.4500362231584957,-0.41435042025059393,1.5327026076344643,0.4105018010962264,0
-0.4504170680293067,-2.071512302244433,-0.3884538770107753,-0.5410101155455732,0.08388140333853226,-1.00754034187674,-0.7557634268540036,-0.8246597894071325,-0.8157012267910385,-0.8098181365139584,-0.7441852886335271,-1.3527700561666716,-0.7028493834398405,-0.4982760620245676,-0.05261547585193652,-0.9755396415436274,-0.7672984184300787,-1.0109965595819763,-1.0612030610057368,-0.791703583346003,-0.6826039525957299,-2.1455695493732136,-0.6779609849571038,-0.5783421166939752,-0.1475355059629038,-1.1651781808683772,-1.0068745722776329,-1.2681158419432643,-1.1892449150740756,-1.016862043422618,0
-0.10138671667571882,-0.2998460314364703,0.011562896717200712,-0.038898988575760095,0.0824593457602575,-0.4980043688759084,-0.04928907734363591,-0.4726237454113118,-0.6041326677285044,-0.2546058742306139,-0.4776991478629802,-0.3912880558591804,-0.18500797990919116,-0.4239756599637382,-0.5751768824271964,-0.5515992810004244,-0.3466406756132808,0.1967271986884224,-0.49263437477791217,-0.2233136880234022,-0.05983350963605516,-0.03696935802728192,0.6320589429268348,0.07818797745152406,0.19408385751788795,-0.3086699358300586,-0.1600412147939626,0.05163024379870205,0.11677266114237354,-0.08890944318461058,1
-1.046322545950066,0.4023104170989688,-1.0337484255760705,-0.8808657510044847,0.5858677284693704,-0.5180752767681743,-0.5875492750973624,-0.5218469404356176,-0.34149583578880627,1.459187078225628,-0.7975546375293876,0.2268593085919031,-0.7676413833085273,-0.5938993605348067,0.07894077373201976,-0.05797009406655795,0.43318947605685815,0.26803670669150537,1.0013705773313717,0.07939928149348824,-0.8646763744576949,0.6154601764863902,-0.9794262704969564,-0.8245848111808636,0.4612477187015837,0.02119632951194755,0.13762308304797938,-0.38072922313832014,0.6534036454293304,0.9774609076855578,1
-0.07868555561207081,1.0998168229288754,-0.18885703003745416,-0.1991653584744443,0.6427500316003433,-0.35409974625211355,-0.453705501850281,-0.6324058444430899,1.09206353854871,0.8756476597033376,-0.6709827357560968,0.11628162756106387,-0.62767087977541,-0.4967372963014144,-0.385336218470601,-0.5030181279877023,-0.36221077634756144,-0.5119920706240377,0.7437000876153576,-0.30607790815348834,-0.27914801778796733,1.005941693402303,-0.4821424677949885,-0.340881258672382,1.481726073714717,-0.1675710708860791,-0.1916770338882754,-0.24487524566655355,1.1787201210114413,0.33464887374980234,0
0.6023492762973688,2.3251030758367444,0.5897764431038327,0.5760237498298286,1.3253376691720222,1.20915889109269,0.9671458754409004,1.108703608877382,1.0373475318946062,0.6292014004245052,1.1623265195584638,-0.31877810108485977,1.4832623678547827,1.3203251990678635,1.225311940992724,0.9142113702455024,0.4888443042134354,-0.1095795515975484,0.26465072645319065,0.37039676779561753,0.6063860339952246,1.5916639687761736,0.703482110280798,0.5926279575885403,2.007294325223628,1.2459599004445985,0.6265402872328116,0.9416031085353596,0.7730141660234106,0.45867117831621895,1
0.0348202497061692,0.3976603743934362,0.011562896717200712,-0.2176357734450373,0.1016571230669614,0.18478519583646583,-0.5260839996605584,-0.3630956936556575,1.5553257282201205,-0.7078403740537526,0.833095333464405,1.653492668776661,0.8848019110524085,0.7586757101169193,-0.2994083389955106,0.13244568958100816,-0.023312626322688,0.2826227424194087,1.8046250617042985,-0.3824175084561248,0.31465635805730385,0.7700257769322725,0.18566414696456585,0.04674900290576585,-0.8439134392122097,-0.3175680624481473,-0.5756208383510701,-0.4526877128854039,1.2466071732405146,-0.8668172017373551,1
0.6307257276269291,0.9300902641769312,0.5239300605971702,0.379669030680909,-1.1326888548751568,-0.38060849252491785,-0.41908424466546895,-0.7025037975667087,1.1686659478644548,-1.0350190286135803,1.2045171534828938,0.4987716389956052,0.596947377284655,1.4192458526991454,-0.8779227833685038,-0.2238160991789543,-0.021324953888524484,-0.4280413316567718,-0.29907907733865263,-0.6008545825894116,0.8505285996737683,1.0401088261324458,0.828472653150233,0.9772723947684876,-1.2380896278438929,-0.4135407138289621,0.263687028832892,-0.5130841619965925,0.532176766448843,-0.768263763287257,1
0.5512716639041609,1.980999915627324,0.9231237545438132,0.9283824354226798,-0.8397449937506449,-0.7307132915135978,-0.7004446789608799,-0.02858413794074149,0.005038873020516231,-1.3692794722331452,0.37801345301456735,0.12171987416913813,0.2205602635436574,0.7586757101169193,-0.853942910026618,-0.7325221956684931,-0.4092523572894305,-0.3311252275980362,-0.21318891409998095,-0.3756149698152957,0.8505285996737683,0.7846688338166191,0.19459204288381116,0.3326855982157905,-1.2862667175655431,-0.952512954696055,-0.7932369272725542,-0.2260108635764089,-0.5556324276027294,-0.9133255659497616,1
-0.6348640016714462,-0.6020988072960967,-0.6444316890054267,-0.5790875864080265,0.11445564127143032,-1.1539064909401526,-1.0792965664593197,-1.0577612548494604,-0.9762015129764088,0.4620711786147229,-0.5498198896141432,-0.4351565784976442,-0.6494330782045873,-0.461125860994153,-0.6657675150520983,-1.046568637672573,-0.9473484130913872,-1.000462200445157,-0.286981871248699,-0.11409515095675876,-0.4984625259398795,-0.6470967282083965,-0.5461257218829139,-0.5288125590297078,-0.4935346048729366,-1.0015162091428154,-1.0046217184936437,-0.8982826737082534,-0.6800920233560293,0.5195749885943692,0
-1.405852184295591,-0.7602002592842088,-1.236226051784058,-1.1675834233941516,1.4604331391080836,-0.03485870185248428,-0.7869978219229101,-0.9076433956784752,0.4245282573686448,1.8642654124425584,-0.24222492604543333,0.7598074761831592,0.010851805953404013,-0.4773928129246304,1.515068743873843,0.15254823565523798,-0.30489955449584777,0.14486573832254362,0.5029656864252788,1.1439965787832265,-1.2122691798305365,-1.180754801326811,-1.209765985213487,-1.0471165472114543,0.4174503644091745,-0.4205320990288892,-0.915849692792633,-1.0884478157460007,-0.6881738152880618,-0.07838969413656581,0
0.037657894839125135,0.5325116128538844,0.10374783222652832,-0.26679549328984625,0.8133969409932638,0.5540141617790976,0.35374751444912184,0.4407113496993679,-0.9543151103147676,0.6504467676037164,-0.7622154740713177,-0.26258288613476105,-0.7978117038580685,-0.5415813259475954,-0.6957423567294554,-0.12218656069256988,0.06613263321466878,-0.30827377162432085,-0.7188521286600464,0.033671105074582194,-0.3825982574822655,1.181658376014464,-0.5095213486140077,-0.357039837768526,0.614538458725016,0.2398360121278436,0.2775876160106961,0.5840926415043947,-0.8384951452238659,0.4946597934805807,0
-0.13260081313823463,-0.6020988072960967,0.12020942785319425,0.07334430239938204,0.9129409714724668,0.46502051357754,-0.5229480162199052,0.961807162993328,2.066008456991755,-0.4302342429120798,-0.2937912563975149,0.1942298289434588,-0.39075967414868507,-0.35473120242184103,1.79483393286251,-0.2964086266692287,-0.7751165966711218,0.13352104386750757,0.06141766414196811,-0.7886802328389678,-0.1632837493303533,-0.09228757292370296,-0.1744276551116643,-0.2716803873258527,1.4335489839930675,-0.23684934241262756,-0.1935943562576276,0.7544806087702165,0.5273276912896232,-0.6381510776930254,1
-0.8136356450476743,0.2256087942887263,-0.8329169589307487,-0.7581085315076203,-0.6833186601404692,-0.6886779938524366,-0.8573692903311694,-0.6380755318280884,-1.519713845740505,0.4167477286324109,1.301519551138208,1.5411022388764644,1.4832623678547827,-0.24789689650005672,1.158701181709708,0.3429640193028043,-0.5712476606737541,-0.27974996842308747,-0.2652069002867819,0.04009572490203184,-0.7260530532673354,-0.03208833906583282,-1.0056147651934093,-0.7462508299104269,-0.7913566140613191,-0.615655304154122,-1.224442728139883,-0.8996518627309252,-2.157443588531567,-0.3779257065045629,0
-0.2716454246530786,-0.4091220350164888,-0.3205497950507792,-0.4264935427278966,-0.6769194010382342,-0.8611741928133276,-0.5629631649226408,-0.7383259133173815,0.42088052359170486,-0.3565836366908199,-0.4250510063846313,-0.25170639291861296,-0.4639597961377359,-0.3784721592933486,-0.0772614567866525,-0.6174909597992889,-0.6984586964602169,-0.885880786449294,-0.4345677855461342,-0.7546675396348229,-0.5481186409931427,0.09969917289328772,-0.5916579910710653,-0.3192779409677549,-0.5066738111606591,-0.6715863857535372,-0.5363157297793484,-0.8019830457803382,0.4626733558333633,-0.7328288191254237,0
1.5330968799069364,0.31860964839938016,1.3346636452104552,1.4552155024300557,-0.584485658450403,-0.17516570891068434,0.19569394904019727,0.6739416716731731,-1.570782118617669,-1.2191455441667298,0.33942885617769525,-0.7895489824571362,0.4886309805576136,0.1869143321281108,-0.5415384489892736,-0.14173070270918242,-0.3098687355812564,0.1756584804147842,-1.1749167982513016,-0.25997181292120286,1.2519155296876454,0.26239980494158494,1.2897472756445776,1.2688293654163014,0.17218518037168332,0.6891914063413281,0.10406994158431436,1.4542883314691266,-0.8481932955423047,-0.06177956406070679,1
-0.824986225579498,-1.4344564515864515,-0.765012876970753,-0.7779997476297973,3.2806668392992244,2.678500827356702,0.7952939828931016,1.70041280142087,0.45735786136110734,4.906601992505374,-0.3565363017210265,-0.05411676615858931,-0.18500797990919116,-0.3826488091133361,1.3618639975229063,3.4175367605447367,0.9675420821078072,2.29873701414294,0.6190988648888344,3.2255734028769005,-0.8005372258472299,-1.611911476254799,-0.6779609849571038,-0.7211347776196815,1.4291692485638272,1.1614276975727549,0.8201898465373925,0.5460596130968451,-0.4780472250552171,2.2841244736531583,0
-0.07301026534615894,-0.2486955616756108,0.022262933874533614,0.027878665548691554,-0.6235922418529468,-0.5309509535292507,-0.4368966306083796,-0.5638541696971979,-0.6624964081595479,-0.9117958989741644,-0.49320510733948014,0.4045086977889884,-0.5119355517656947,-0.28790480530204177,-0.33337982622984863,-0.07248859956461284,-0.15748051562872287,0.02817745249931669,0.27553821193414896,-0.3125025279809378,-0.6060507752219495,-0.4046727864564333,-0.4577395522823847,-0.4555720429091425,-1.102317829537424,-0.5946811485543412,-0.6125292939611017,-1.0184670434761096,-0.6251358382182082,-0.839687322613452,0
-0.7171557105271703,0.9300902641769312,-0.5526582933867653,-0.6327938699379047,-1.310446052159448,-0.8479198196769254,-0.6941727120795734,-0.8445036952546277,-0.443632381543133,-0.15829354301819704,-0.032353567549549454,2.828153936120655,0.1122438668166162,-0.2934003971704464,-0.34303838632588607,-0.4583458033783025,-0.1945837343997745,-0.4341998800752198,-0.24464164993386103,-0.0887745904603398,-0.6122577896036072,0.5650229805514176,-0.6785561780183871,-0.6557979143178823,-2.0452748674529944,-1.0093338489572792,-1.006011777211424,-1.01101256990823,-1.5626237023339764,-0.895608093868845,0
1.550122750704672,2.23907728578439,1.2070862791037955,1.2307289204797716,-1.0651411199071266,-0.5135309202642652,-0.7874995792734146,-0.6367869665133161,-0.7026214797058913,-0.9911119364432132,-0.186691954897038,-0.4715928307717403,-0.010910392475773252,0.2983649352193548,-1.0201367544377429,-0.19254547195237445,-0.5752230055420811,-1.000462200445157,-0.3414192986534906,-0.7924594209727616,1.2663985632448471,1.025465769248099,1.1349970797109914,1.0510398210769707,-1.6169367424732326,0.09047460103849617,-0.3326002280356682,-0.4790065685434281,-0.2081153745253323,-0.9133255659497616,0
-0.3624500689076706,-0.9880523518553116,-0.5333159185254331,-0.5657320555831362,-1.1696623519102898,-0.9393749943181005,-0.6052362217026468,-0.8311026159809944,-1.1549404680464814,-0.8622233755560081,-0.6915371471551781,-1.1337899927482231,-0.5979951546447138,-0.4426606723163137,0.3094140008512548,-0.32991287012627846,-0.11971473937961678,-1.002244938145234,-0.011165572397754168,-0.05740732894985046,-0.6122577896036072,-1.5175451096667862,-0.6148705204611034,-0.574302471919939,-0.7475592597689098,-0.7828129684796473,-0.6839495522194742,-1.0453944275886549,-0.4198583231445833,-0.6697103248371582,0
-0.3993394556360983,0.3279097338104454,-0.5703545086854312,-0.4497946816138754,-0.8525435119551139,-0.8971503484692764,-0.6561645927788559,-0.6277670093099093,-0.5785985312899224,-0.20786606643635225,2.07501450641943,0.6274768087200242,1.1622699410244184,0.7417492871622333,0.8789359927210408,-0.28244852522879127,-0.5725727756298632,-0.5471606234346492,0.58885584966395,-0.08764083402020148,-0.3929432814516954,-0.42419686230222914,-0.5461257218829139,-0.4917532091461604,-1.2862667175655431,-0.999037445299205,-0.8642257879978227,-0.8591847205052925,-0.914463989384971,-0.8003766814339182,0
1.1698783028885684,-1.9413111064895168,1.1618168911304654,1.3927002517603564,0.9627129867120676,0.17721126832995038,-0.6137660966612237,-0.01183278884870012,1.40212090958863,0.26519744275404883,1.033230391823882,-1.0585609146698656,0.6389879878864747,0.7417492871622333,-0.5072339079585202,-0.5504824728851894,-0.6991212539382713,0.6602390007084622,0.24650491731826,-0.10162383011523891,1.2932956255653645,-1.603776444652384,1.1647567327751427,0.6242425688636044,0.6495763421589431,-0.34299128135697243,-0.3081543678264266,0.4137046742385732,1.0170842823707915,0.45091978428081786,1
0.2816953762733408,0.9300902641769312,0.12020942785319425,0.732596036734394,-1.0651411199071266,-1.258237342342404,-0.8129637648115191,-0.7019883714407996,-0.5822462650668623,-1.4967516753084025,0.7519594989943469,0.3755047158792601,-0.18748095700341577,0.10052362795679123,0.2401388111969183,-0.979392629541188,-0.706740664935898,-0.8693499459576701,-1.0999141204935885,-0.554748487357126,1.096740170146198,1.5607508486869974,0.4802847122996635,1.303956711277484,-0.03804212023188074,-1.0923406586945932,-1.0561018241107525,-0.45816446897609103,-0.8368787868374592,-0.9448848130938944,1
-0.5525722928157224,-0.05106874669047027,-0.43701558410943936,-0.5734043818016902,0.5858677284693704,2.593294142908402,1.956862249311071,0.6739416716731731,1.0008701941252036,2.253763810728068,-0.007832515354153977,-0.1918856802297986,-0.1899539340976404,-0.2621854353579085,0.16886529876409134,3.4175367605447367,2.8061390837090263,2.1982554346840506,-0.3680331520513885,2.995042926715473,-0.4425993965049582,0.1940655394813004,-0.23960129532215596,-0.4392378270836928,0.6758547547343882,2.8902065833728634,1.4898146840336772,1.0252757710319684,-0.05617768620312135,2.2398307934508663,0
-1.576678421299542,-0.9717772023859472,-1.5485848288000392,-1.2320877956760683,0.05259613661649729,-0.9685346152181852,-0.8726728895215573,-1.260710291926114,0.26767570496021426,1.9676595327147108,-0.7607730592362945,-0.1175629765861201,-0.872495612103654,-0.6343469166862641,-0.19016669377136444,-0.597388413725059,-0.5758855630201355,-1.525073285458748,-0.08979741198245306,0.30048178732043085,-1.304339893158462,-0.5445953300179694,-1.3395180725731866,-0.9657967415428168,0.4919058667062704,-0.444684156992273,-0.62786787291591994,-1.1237424661082067,0.44489341358289197,1.9851421322876903,0
-1.5304248056323593,-0.8834263909808254,-1.4654537708853776,-1.176108230303656,-1.0928712426834752,-1.0760843858107056,-1.082909219382952,-1.260710291926114,-0.6333145379440261,-0.2333605070514037,-0.5934529383735966,0.4752059036939512,-0.40807051380825793,-0.5272927870897436,0.023653843527116723,-0.6487615870258686,-0.9182952676786976,-0.952814483734006,1.3267854211511272,-0.2626172446148586,-1.4061349290176512,-1.0636103462520372,-1.431475400541414,-1.065558403788575,-1.5078813302851333,-1.1784618127482385,-1.304682669297276,-1.743528697037633,-0.8675895961791829,-0.6913034939357754,0
1.4025652037909602,-0.223120326795181,1.47870260694378,1.3557594218191704,0.6000883042521141,-0.04243262935899975,-0.04928907734363591,0.10594208092149753,1.09206353854871,-0.5463755834917592,-0.4877960517081431,-1.319415476970484,-0.6192627576550461,-0.3358263663945294,-0.7693472457371879,-0.7738440959321877,-0.6636744288623558,-1.2364318451099048,-0.7793381591098151,-0.7886802328389678,1.328468707061426,-0.015818275861003445,1.4980648470936364,1.3425967917247843,0.9955754410689752,-0.016302918378569623,-0.2405687543067586,0.6221256699119442,1.2126636471259775,-0.3258806322668698,1
-0.024770298085907,0.5371616555594179,-0.17321851419212136,-0.1960395959409593,0.3725590917282208,0.8247820701370276,0.9884705628373428,-0.08502329872777271,1.4057686433655707,0.405416866136831,0.6235845786772767,0.09271589225940984,0.2294629810828664,0.7586757101169193,-0.3030719307560764,0.03807540384365131,0.21189527838665717,0.10434897241170092,-0.3619845490064119,1.335979335979956,0.14499796495865486,1.0401088261324458,0.36124610004305846,-0.12713135910708703,1.3897516297006582,1.0813445580099557,1.837808694071117,1.2595592260224733,0.9475808717553126,2.411468804234746,1
-0.36812535917358247,-0.31379615955306817,-0.36170378411744336,-0.5364635518605041,0.5147648495556538,-0.4716849707907669,-0.7964057722448699,-0.5226200796244811,-0.7865193565755167,-0.5619555194231795,-0.6680979060860501,0.28668002128071746,-0.6430033377596032,-0.5272927870897436,-0.11622875096721678,-0.49240845089296975,-0.6106698306179965,0.413897063970539,-0.7115938050060743,-0.6008545825894116,-0.3784602478944936,-0.5576113805818329,-0.4922607498368,-0.5558606153428183,0.17218518037168332,-0.48917479008271686,-0.7989888943806113,-0.6096880541517681,-0.9387093651810684,-0.9614949431697534,0
-0.5894616795441501,0.3372098192215106,-0.3851615578854423,-0.25429244315590643,-0.9108478726643616,-0.20299989249712885,-0.3790690959627333,-0.8024964659930471,-0.8193489605679783,-0.7885727693347482,0.05419132255184607,-0.7812103376580892,0.13153308815156883,-0.1612863686540011,-0.8959076883749182,0.36753379783797385,0.4166255391054958,-0.8273745764740372,-0.8882130139193986,0.11530156876453036,-0.0784545527810288,0.6073251448839752,-0.08812466122562589,-0.24849633905747223,-0.6117874614624411,0.7667322240132447,0.6639280734351812,-0.07159676824175817,0.04403653375408115,0.8168963169522511,1
-1.6765635299795931,-0.8462260493365638,-1.656819820045366,-1.2815316757511943,-0.03130526050168819,-1.086687884319827,-1.0944998141796063,-1.260710291926114,-0.5421211935205199,1.9676595327147108,-1.045289385444632,-0.946714309430476,-1.0001506897075323,-0.73718043172785,0.3440515956784231,-1.0323293342033266,-1.0336465246079851,-1.9117652993118304,-1.0914460762306208,-0.3578527855864646,-1.5114472730264468,-1.0440862704062412,-1.490697110139075,-1.1539036786294483,0.6451966067297027,-1.109247099268962,-1.2406920352201434,-1.743528697037633,-0.8595078042471503,1.0383647179637088,0
0.8548996931304528,-1.2810050423038724,0.8078925851571529,0.2171293789396904,-0.1237390030895203,0.01815879069312458,-0.14537560996525198,0.04563722419014898,0.23484610096775163,-1.0675952582883688,0.6877720388358118,-1.155180429406648,-0.24930538435903293,0.018529397280195536,-0.623469682907383,-0.6169325557416714,-0.6123262243131328,-0.2732672858773529,-0.6861896722171715,-0.8918520688915409,0.24637919985906745,-1.260478111030477,0.5279001572023054,0.18971730056077815,-0.18257338939683093,-0.19553661168578665,-0.9613860990647496,-0.1400562193753473,0.33013196814803086,-1.026274450465605,0
-0.2886712954508147,-0.26729573249774125,-0.540723636557433,-0.5069108879075553,-1.5209105737440491,-0.9122982034823074,-0.8573692903311694,-0.6891027182930757,-1.4212250337631191,-0.4189033804165018,-0.7715911704989689,-1.469148533579456,-0.738460253596676,-0.5558698648054472,-0.7263833059996427,-0.7905962176607126,-0.636840851001149,-0.80500932169125206,-0.6281230829853935,-0.2199124187029876,-0.46122043964993226,-0.46649902663478665,-0.33274900941294927,-0.4339687252045154,-0.39718042542963605,-0.2114261235038024,-0.004738102876427711,-0.11723640233081756,0.0860618518006499,0.546704867718273,0
0.037657894839125135,-1.057802992438302,0.44985288027717474,0.26231085556006434,-0.8646310013704459,-0.720299141192139,-0.27959570122521177,-0.5074150089101668,-0.8084057592371579,-0.8947996052307964,1.8986792928378364,0.20873181989832293,0.4604390416834522,1.0532394342634028,-0.1728478963577803,-0.11827773228924758,0.47989977825969976,0.9179256319014218,2.57521708963435,0.3129531081619507,0.17396403207305844,-1.4361947936426376,0.0904332571592817,0.11823315173327192,-1.915196725204539,-1.1224036150542789,-0.7467418598157615,-0.750410259259701,-0.8595078042471503,-1.1120934558575446,1
0.33844827893246104,-0.26729573249774125,0.7832001917171546,0.1617181340279114,0.8844998199069793,1.436376716288156,0.1492813941185288,0.5105515897600323,2.0878948596533964,0.1972122677805769,-0.3078548010389917,-1.2130071183391686,-0.5124301471845396,-0.2575691381884487,-1.0048162798026492,-0.16574207718673473,-0.08095512691342889,-0.28461198033238866,-0.5386037579197361,-0.22973830785085167,1.1132922084972854,-0.9122987584471208,0.41481347555853065,0.6681517511900824,0.6933736964513524,1.123292869209517,0.5877145092534279,0.34676654424128595,1.6151368853411956,1.09926852824186,1
1.4366169453864326,-0.9555020529165824,0.9889701370504757,1.3927002517603564,-1.1853049852713071,-0.7363937371434846,-0.740836145676494,-0.2618144599145465,-0.33055263445798577,-1.223394617602572,-0.7066825029229223,-1.549453308492016,-0.7508251390677995,-0.4824487574435626,-0.8752583529971831,-0.9269584885309052,-0.5192368986464764,-1.0100241572001158,-0.5603787288816527,-0.8185358190959395,1.367779798145259,-1.0066651250351335,0.6469387694589105,0.9421450489073052,0.3999314226922103,-0.4364216108469049,-0.2405687543067586,0.1611653656124447,1.4987590815199272,-0.5041626950810932,0
1.933204843653732,2.6575811292823333,1.7626651315037631,1.733692528140535,1.5670874574786584,1.597322675801611,1.5617283357887597,2.287998584957086,0.5923240111078957,-0.3693308569983456,1.5492542990534524,0.215982815375755,1.2804782461283584,1.8017390467401015,-0.05261547585193652,0.776285568013981,0.43484586975199424,2.29873701414294,-1.0999141204935885,0.017042677285889176,1.9988262602804776,2.0455987321909226,2.1378973879728886,1.73075396349085,0.6276776650127385,0.9618554291384775,1.22330687469371,1.6824865019144235,-0.7285827749482242,-0.3314173422921564,1
-1.097400158343274,-0.0929191310402646,-1.2127682780160594,-1.0240825070841597,-1.0267455652937187,-0.9696707043441626,-0.8696623454185302,-1.260710291926114,0.1473004903211863,-0.5732863819187584,-0.8000788634906782,0.5187118765585432,-0.6880115208744924,-0.6079680757179223,0.15620925450031836,-0.030608295243300603,-0.3940135352941771,-0.5839498468816943,0.985644209414432,-0.012812908971082566,-1.1688200791589316,-0.3314575020346997,-1.2731540462401292,-1.0179608501466728,-1.436053669245582,-0.9734871102958358,-0.935214648723091,-1.532217191205288,-0.26630427643596605,-0.895608093868845,0
-0.5071699706884264,-1.0136275867357414,-0.550189054042766,-0.5884648740084814,0.20831144143753624,-0.38155523346323217,0.1781324417725388,-0.45355297875268025,-0.5275302584127596,0.3161863239841517,-0.42577221380214286,0.04195892391738538,-0.4812706357973086,-0.4459580274373564,-0.15253161477646038,-0.6504367991987211,-0.04650213805459524,0.22751994078066268,0.1642439159065747,0.05218912693017225,-0.5046695403215372,-0.5982865385939072,-0.5461257218829139,-0.38479044099886,0.3999314226922103,-0.5495549349911766,0.14337505015603613,0.10944044697817742,-0.4634999995775584,0.14972275890523545,0
-1.00092022382277,-0.7229999176399471,-0.9860097982587396,-0.6987190433714059,-1.621876661801526,-1.2684621444761996,-1.1138927357766064,-1.260710291926114,0.49748293290744966,-1.5505732721624,-1.004180562646469,-0.961578850159212,-0.8517226045121667,-0.6767948682778209,-0.8779227833685038,-1.1068762758952624,-0.9182952676786976,-1.0531339961292523,0.985644209414432,-1.0682267790957016,-1.0798528730218349,-0.9285688216519508,-0.9999604311112208,-0.8869358500844624,-1.915196725204539,-1.2835232648889583,-1.304682669297276,-1.4617800225945063,0.1765779214394136,-1.4714259364986346,0
-0.7426945167237743,-0.24404551897007817,-0.6872318376347577,-0.675417904485427,-0.04125966354960858,-0.720299141192139,-0.6778655981881765,-0.5251972102540259,-0.6624964081595479,0.38558785676956847,-0.2516006224730847,0.7326162431427892,-0.37295423907026726,-0.3870452826080597,0.35570847855295096,-0.6392687180463712,-0.4119025872016484,0.1837618335969527,0.20053553417643605,0.07939928149348824,-0.806744240228888,0.3518851525681485,-0.6779609849571038,-0.6464891676646689,0.23350147638105548,-0.7510339448436159,-0.7151060407214488,-0.4648582819758196,-0.4263237566902095,-0.07728235213150896,0
2.151703518891344,0.3279097338104454,2.1577434265437394,2.9300070977743284,-0.1870205653227281,-0.6712579605874508,-0.4626116948217363,0.969280841819008,-0.7062692134828311,-1.3338705269344624,1.9845029755217205,0.26492703484842123,1.7340222452091658,2.5601307245799285,-0.5255518667613497,-0.9518633095006456,-0.4433740674092369,1.1950603107315856,-0.798693688853741,-0.7709180486101365,2.3567640896227493,0.006959812625758258,2.3015754798257206,2.373584392750488,-0.8658121163584144,-0.9804784954957626,-0.2424860766761109,0.63429623900236,-1.27491190955362,-1.2350084184189036,1
-0.5525722928157224,-1.425156366175386,-0.3386575502401119,-0.4713908591179534,0.3298973643799916,-0.5500751204832026,-0.5931940452905383,-0.5020030345881226,0.5667898746693147,0.43657673799967145,-0.5754227529358058,-1.0959035413786409,-0.5673302386763277,-0.46728092388676606,-1.126380915494153,-0.9624171461896162,-0.9893214293261396,-1.2362697780462617,-0.49263437477791217,-0.6726591571314955,-0.3184591088718005,-1.1937708518906751,-0.2881095298167224,-0.3194535776970607,-0.5066738111606591,-0.6741287076444198,-0.8018648779346397,-0.43732236940875374,0.8780774611398329,-0.016378541853357905,1
-0.14678903880301483,-0.2486955616756108,-0.13329914479745714,-0.0110512860047123,1.0338158656257843,0.49342274172697326,0.39639688924200606,0.4131360519632384,1.0738248696640087,0.26378108494210006,2.747179819540268,0.4607039127390871,2.7464590675847527,1.3906687749834417,1.4817633642323351,0.1458473869638281,0.6167178974779527,1.4268162117416061,1.1489564916288073,0.725640452372243,0.24637919985906745,-0.4909041214420311,-0.07919676530638059,-0.13503501192585307,0.4130706289799341,0.16928657965585386,0.04031897280335105,0.786428352632558,0.281641216555836,-0.040740065964618016,1
1.5075580737103325,-0.6904496187012179,1.5610105850771083,1.8501982225704292,0.3654488038368499,0.8323559976435428,1.0085408568575234,1.072108353937846,1.6902918779669098,-0.8933832474188497,1.5449270545483826,-0.6233199111370062,1.4516082610487069,1.4192458526991454,-0.24745194675475823,-0.2696052319035888,0.8111785172869466,0.9422356914479276,0.6904723808195613,-0.3298867933963897,1.440194965931268,-0.6845178735795049,1.637935216495148,1.9415180386579445,0.25102041809801967,-0.2832467169212334,1.070879746330203,1.1774078846621665,1.2611543987181724,-0.7018232429838194,1
-0.12408787773936684,-0.6299990635292931,-0.2542918726534498,0.00571416758397975,1.247124502366934,-0.6019565239028338,-0.5809009902031775,-0.5270012016947073,0.7345856284085658,0.1448070287385272,-0.392596672596608,-0.4592661384601058,-0.5673302386763277,-0.38396775116175313,0.03597683399447457,-0.80902355156209,-0.7083970586310343,-0.5730913536175886,-0.09947517685441604,-0.41794187691378737,-0.36604621913117774,-0.5738814437866628,-0.3619134694158177,-0.3017142680371637,0.3429948621120786,-0.7834485489523678,-0.9974796926678065,-0.11723640233081756,0.20728873078113724,-0.3723889964792763,0
1.2294688506806446,1.057966438579081,1.1371244976904666,1.1738968744164084,0.1016571230669614,-0.3664073784502012,0.7275567405749912,1.1749358660566838,-0.3560867708965677,-1.1780711676202582,0.4771794729224162,0.8359429286961959,0.10977088972239156,0.8063774475346707,-0.3280509654872075,-0.5002261076996147,-0.023312626322688,0.4511724886085141,-0.8628088811304957,-0.808332011134696,1.2374324961304437,0.7098265430744023,0.9683430225517444,0.9772723947684876,-1.0278623272403289,-0.6480699082628741,-0.4615401573746093,0.28743501992550896,-1.1116597125265637,-1.3972340221597963,1
-0.4759558742259106,-0.8904014550391244,-0.5304351392907669,-0.6680297384971897,0.48632369799016745,0.10525895701805296,-0.5139163839108237,-0.35484887564111406,0.5266648031229715,-0.21636421330803676,-0.12214389102974715,0.3863812090954082,-0.37295423907026726,-0.23536694704009437,0.950542558950283,0.5188612974523155,0.9549534900247718,1.7882257636663224,2.592153178160286,-0.07781494487233738,-0.6039817704280636,-1.1937708518906751,-0.567850268619744,-0.5913392346626126,-0.1168773579582171,-0.4796410829919076,-0.02103534301592219,-0.4969581579517914,-0.27600242675440484,-0.7953936424111601,0
1.2833841082068078,2.032150385388184,0.9148929567304802,0.8431343663276352,-0.9727073773192946,-0.7098849908706799,-0.8257585772493844,-0.5058687305324399,-1.238838344916107,-1.1851529566799948,0.9344249756247888,-0.344156585255872,0.7656044151107784,0.6740435953434895,-0.556192816031537,-0.7850121770845377,-0.5222184072977216,-0.6826486886405072,-0.4248900206741712,-0.7474870821806143,0.9953589352457854,0.748874694765994,0.4505250592355123,0.7225991372749152,-1.0059636500941245,-0.7580253300435427,-0.8696422236912428,-0.6130349606516323,-0.754444509130728,-1.156387136059836,0
1.0279960462407685,-0.4253971844858533,0.7461616015571566,0.362903577092217,-0.39037479901595634,-0.055687002495401774,0.12130842182790172,0.42885654880346175,1.0336997981176652,0.4705693254864074,0.3704407751306953,-0.6041047731218111,0.6627285679910317,0.6157903215384011,-0.8632684163262404,-0.4700722885882701,-0.2472570539051068,-0.23112984933007624,-0.13939595695126336,0.2634457436092508,0.7305263216283827,-0.668247810374675,0.828472653150233,0.08363271606000737,-0.44097777972204527,0.004671237221211272,0.3005954844429234,0.2098476419741077,0.281641216555836,0.4797106764123069,1
0.8719255639281883,1.3230188727944456,1.5280873938237765,0.7766408724335004,-0.08676550605438725,0.18478519583646583,-0.07788924632239375,-0.297378862602265,0.4865397315766292,-0.6115280428413357,-0.3871876169652708,0.4661421593471609,-0.33783796433227686,-0.22327664492960436,-0.04428913094155958,0.497083539205233,0.2403852499430004,1.1837156162765496,0.4594157445014455,0.2264096998980707,0.4594866936293212,0.4413705001947121,0.6409868388460805,0.15177976703070117,-0.2657883625524089,-0.19807893357666925,0.38975097461780456,-0.45816446897609103,-0.3875311554164534,-0.42221938670685416,1
-0.07584791047911488,0.4627609722708944,0.1469595207465262,0.07334430239938204,0.3156767885972479,-0.1157103779845374,-0.1279395420352198,-0.1839851149022934,0.6689264204236415,0.07257278032921499,-0.4996959740970849,0.6601062883684685,-0.62767087977541,-0.3817695144143914,0.36070428549917694,-0.1869614313761995,0.4865253530402449,0.1837618335969527,-0.2204472377539533,-0.4969269089100796,0.04982374443990111,-0.06625547179597538,-0.3895899467654781,-0.2583319958986034,0.3780327455460057,-0.5756137343727223,-0.17106581841773835,-0.1948237802822184,-0.18386999872923485,-0.7621733822594412,1
-0.3851512299713186,-1.0043275013246755,-0.5497775141520991,-0.3994983208477992,-1.3886592189645366,-0.9774339800383408,-0.9357688763475008,-0.8810989501941638,-1.1841223382620032,-1.076093405160052,-0.8195514637634922,-0.8042322482989361,-0.8522171999310116,-0.516741250702407,-0.4066516614411663,-0.7498327214546354,-0.6729502335551188,-0.6187942655650189,-0.5386037579197361,-0.7323703296454388,-0.6039817704280636,-0.7642411832831704,-0.6925432149585382,-0.6196167480808644,-0.8220147620660052,-0.9112002239692142,-0.5545302922881951,-0.848687604664809,-0.7043373991521268,-0.9941615323189438,0
-0.5014946804225145,-0.5462982948297037,-0.41355781034144046,-0.5935797581541841,1.4675434269994554,2.087734481848491,4.039155253904839,1.072108353937846,2.215565541846305,2.1532024060798087,7.723511000370507,0.4987716389956052,9.453667542540948,2.6018972227798027,3.7665124076397816,3.495713328611187,2.8061390837090263,2.5791130342459714,2.2086717451087527,1.111495560832599,-0.20259484041418688,-0.6959069178228858,-0.12978817551543742,-0.3407056219430761,0.3386151266828381,0.9999902575017152,1.189274402637707,0.6890637999092311,0.4044844539227296,0.06002805649559455,1
0.026307314307301384,-1.234504615248545,-0.19585320817878715,0.00571416758397975,-1.292670332431019,-0.8785942260783134,-0.5989642548213403,-0.4463370129899547,-1.14034953293872,-1.2191455441667298,-0.003865874557840056,-0.974993191792461,-0.2319945446994603,-0.07907231430266909,0.06328724530051097,-0.7671432472407778,-0.4602692830996265,-0.4247999903839042,-1.1386251799814404,-0.7656271852228249,-0.03914346169719597,-1.2230569656593686,-0.5252939647380079,-0.2839749583772665,-1.0059636500941245,-0.9118358044419348,-0.526249787340249,-0.47961509699794885,-1.6030326619941389,-1.2344547474163747,0
-0.5128452609543384,-1.4298064088809188,-0.5259082004934339,-0.5046376060650208,0.699632334731317,-0.2785498193746211,-0.3419390520253987,0.17320519035261706,-0.2977230304655241,0.7042683644577129,-0.3262455901855382,-0.9371067404228788,0.06080594325674267,-0.4239756599637382,0.09925705531333973,-0.4963172792962922,0.2672188278042075,0.1837618335969527,0.13400090068169038,-0.3578527855864646,-0.5419116266114845,-1.8673514685706256,-0.4577395522823847,-0.5233678204212245,-0.16943418310910843,-0.749127203425454,-0.6518344025328235,-0.4907207412929532,-1.0712507528664013,-0.9144329079548184,0
0.727205662147433,1.4253198123161657,0.8819697654771489,0.8431343663276352,-1.3474195491945802,-1.2536929858384946,-1.1138927357766064,-0.6501880457869491,-0.826644428121859,-1.8182648986204413,-0.49320510733948014,-0.4788438262491724,-0.5930492004562644,-0.3879245773070044,-1.1820008994954716,-1.1606505866438273,-1.0565710133486703,-1.3255687301137586,-0.6765119073452085,-1.0682267790957016,0.38500252104942656,1.5916639687761736,0.19161607757739615,0.35727474031861817,-1.663361938023186,-1.1675298286174436,-1.304682669297276,-0.4592293937715024,-0.6105886127405495,-1.588804189034707,1
-0.2063795865950905,-0.5672234870046009,0.011562896717200712,-0.12556785882238883,-1.2770276990700016,0.4801683685905716,0.474169278570207,-0.10383635232344986,0.8002448363934901,-0.271602167973982,-0.05254737523987504,0.5241501231666175,-0.138021415118922,-0.11666216268255618,-0.18217340265740264,0.5305877826622827,0.12642536371762753,-0.1176829047797169,0.4521574208474732,-0.3578527855864646,-0.19018081165087097,-0.4144348243793316,-0.10002852245128614,-0.3017142680371637,-1.102317829537424,0.21631953463718048,0.6826219665363661,0.34676654424128595,0.32689925137521825,-0.4571006598661591,1
-0.7710709680533342,0.5232115274428192,-0.8872402244987457,-0.6987190433714059,-0.8525435119551139,-0.5631401454319418,-0.6153968080503635,-0.5922026066221908,-0.6989737459289503,0.03291476159469003,-0.7030764658353642,-0.041427524073083394,-0.6430033377596032,-0.5754341718569674,-0.5072339079585202,-0.30143426318778616,-0.08095512691342889,-0.916025260286961,-0.4357775061551295,0.08582390132093805,-0.7095010149162476,1.355748052306142,-0.5868964465808009,-0.5808010309042578,-0.3928006900003956,0.8347393345943518,0.3911889663948189,-0.4123727027734015,1.0122352072115726,1.1269520783682925,0
0.0348202497061692,-0.9717772023859472,0.2481983338505199,-0.0249751372902362,-0.26878887607350194,-0.669175130523159,-0.6450004917301303,-0.5442679769126575,-0.6953260121520105,-0.981197431759582,0.2820928664855207,-1.0580170900090582,-0.05888614810373216,0.1882332741765278,-0.7700133533300182,-0.536522371444752,-0.7014402051114621,-0.27974996842308747,-0.09342657380943944,-0.7210327652440571,0.1015488642870502,-1.197024864531641,-0.18335555103091003,-0.08708618482533917,-0.8570526454999329,-0.6150197236814013,-0.8827279488620722,-0.264500288324849,-0.15315918938751122,-0.8983764488814878,1
-0.31988539191333054,2.446004186180595,-0.376519220181443,-0.33101570534144664,-1.5550399556226326,0.18099823208320823,1.108892326958428,0.6961049950872584,-0.9762015129764088,-0.052066707122148885,0.017770347967508825,6.6494285527273504,0.47824447676186993,-0.3358263663945294,0.593841942989733,2.7418678508275667,1.8851841892132808,2.1836693989561478,1.574778145995178,3.017718055518237,-0.3763912431006077,2.1936563073548725,-0.3488192220675907,-0.5544555215083711,-1.478099129366295,0.07458508922048045,0.22246459789181788,-0.3468037617987861,-1.089030695116873,0.3767278699419791,0
-1.2407012375575517,0.4557859082125951,-1.3230609687147197,-1.0954067248936803,-0.6051054933353808,-0.8274702154093335,-0.8149707942135371,-1.146826889406529,0.11082315255178382,-0.2475240851708772,-0.5227746114574571,-0.5834394360111298,-0.6434979331784481,-0.4659619818383489,-0.7037356478434171,-0.7241461348042306,-0.3781121558208692,-0.9949519202812824,-0.5386037579197361,-0.6794616957723244,-1.0612318298768613,0.4836726645272691,-1.146675520717486,-0.8853551195207092,-0.6117874614624411,-0.4796410829919076,-0.9157058936149316,-1.1584285880158918,-0.27438606836799856,-0.3723889964792763,0
-1.2506329955228976,-0.8671512415114608,-1.3172994102453863,-0.94821172558957,-0.0355714332365115,-0.7257902386343625,-0.8403095404140156,-0.8019810398671382,0.4755965302458086,0.3133536083602563,-0.5339533264288873,-0.6523238930467344,-0.7978117038580685,-0.537404676127608,0.819319363162742,-0.749274317397018,-0.5384510655100566,0.07517690095589424,-0.5289259930477731,-0.39148755997723006,-1.191579131891677,-1.3304393828112446,-1.195778948273336,-0.9898589734577268,0.17218518037168332,-0.8457354352789894,-0.736196586784324,-0.848687604664809,-0.5572487859891356,-0.26331580898113344,0
-0.3510994883758464,0.3372098192215106,-0.3851615578854423,-0.4310401064129657,-0.7999273815589634,-0.7981212463215859,-0.8921159868536075,-0.9017159952305224,0.6798696217544621,-1.0463498911091584,-0.09942585737813096,0.30843300771301363,-0.3516866360599351,-0.2575691381884487,-0.35702664577531923,-0.8268924814058498,-0.9473484130913872,-1.0531339961292523,0.7497486906603346,-0.920195979894995,-0.26673398902465145,0.6854214482671579,-0.2955494430827601,-0.3017142680371637,-0.4541169860097684,-0.7834485489523678,-1.2158147774777976,-0.7297202918059941,1.1156821439415876,-1.1801949891685677,0
-0.5014946804225145,-0.4091220350164888,-0.6230316146907614,-0.5316328279451183,-0.6698091131468623,-1.2387344790131265,-0.8924923048664859,-1.260710291926114,-1.548895715956028,-0.9061304677263754,-0.6908159397376664,1.053472793019158,-0.7503305436489546,-0.549494978238098,-0.8043178943607713,-0.935669591829738,-0.8220919218651853,-1.4378812052186147,-0.9305532352342364,-0.6832408839061183,-0.6743279334201863,-0.076017509718873,-0.7877741047638219,-0.7137580349888332,-0.997204179235642,-1.1784618127482385,-1.0771923701736277,-1.6026695730274323,-1.5901017949028864,-1.016862043422618,0
0.3980388267245367,-0.20684517732581648,0.5239300605971702,0.3174379402415265,-0.7750413739391634,-0.821600421591784,-0.6680813298533382,-0.5806055187892393,-1.8480098856651277,-1.0576807536047377,-0.6132861423551664,-0.964116698576313,-0.6375627881523088,-0.41298447622692913,-0.8226358531636004,-0.7643512269526903,-0.8571080845803654,-0.6918865112681792,-0.9341823970612226,-0.8597289697542928,0.8401835757043383,-0.372132660046774,0.08448132654645137,0.4731949816605201,-0.992824443806401,-0.49425943386448207,-0.7170233630908012,-0.7548220905549767,-1.1391378050954744,-0.8341506125881655,1
1.3656758170625325,0.8417394527718101,1.3017404539571231,1.4211162747920378,1.0124850019516696,0.49720970548023113,0.9445667946681968,1.299411275463698,2.3614748929239147,-0.2361932226752992,0.05419132255184607,-0.4313498058719924,-0.14791332349582076,0.2926495196762141,-0.5655183223311593,-0.07248859956461284,-0.5656159221102909,-0.11120022223398204,-0.5591690082726574,-0.5403875724487094,1.661578478877066,1.9040491823089043,1.7510218981389225,1.3689423011206714,1.9853956480774235,1.374982736406886,0.4396013562209641,1.3204120714745524,4.64419250146697,1.0605115580648543,1
1.822536683468448,0.15818317505850135,1.7173957435304317,1.4552155024300557,-0.7970832664024148,-0.35201691618782155,0.28475587875474995,0.935005004446062,0.5667898746693147,-1.155409442629101,-0.07021695696891,0.5332138675134074,0.2047332101406194,-0.124795638647795,-0.5575250312171972,-0.39859656921323056,0.2993528654898504,0.45927584179068287,0.698940425082529,-0.7531558643813051,1.543645205625566,0.3421231146452509,1.2897472756445776,0.8455448477890536,-1.1548746546883153,-0.6715863857535372,0.16398626562657329,0.4273965644652908,0.2848739333286486,-1.2294717083936169,1
-0.0701726202132025,2.071675748385212,0.10374783222652832,-0.2153624916025026,0.5218751374470257,1.7241859615357458,0.2998085992698855,0.2683013105828204,0.1400050227673056,0.8983093846944935,0.6690206459805096,0.7888114580928876,0.16269259953879975,0.2082372285775204,-0.11056683642816056,1.3006269781168098,0.2672188278042075,0.6537563181627277,-0.2881915918576944,0.2524860980212484,0.4263826169271457,2.619931963321412,0.3166066204468316,0.26594364107954394,1.44668819028079,2.57241634701255,0.4515846210294158,2.123669631441997,0.6049128938371355,2.217683953349721,1
-0.02193265295295056,-0.47189761154118026,0.022262933874533614,-0.2153624916025026,0.07819317302543517,0.1658503770701773,-0.5229480162199052,0.2909800601228147,0.5631421408923739,-0.29426389296513794,0.810016696104033,-0.5736505921165966,0.6978448427290221,1.1020402900548352,0.014994444820324658,0.5735848950988298,-0.07366699465482952,0.8628228302626758,0.4799809948543669,0.03820613083513497,0.14499796495865486,-0.7837652591289661,-0.14764396735392843,-0.08410036042713859,-0.4672561922974909,-0.11863137448659064,-0.17106581841773835,-0.08224601619587191,0.6582527205885493,-0.2738355580291775,1
-0.938492030897738,0.3000094775772489,-0.6913472365414238,-0.7802730294723319,1.431991987542597,1.279217720527959,1.9142128745181868,0.559774784784338,0.778358433731849,1.8642654124425584,-0.6421344390556316,1.528412996790958,-0.39817860543135913,-0.5475165651654723,0.6814350914468987,0.7729351436682761,1.47738006147074,1.1837156162765496,0.35658949273683893,1.1198097747269458,-0.808813245022774,1.355748052306142,-0.8713987298740871,-0.7186758634093988,1.5518018405825726,1.0489299539012036,1.7874789818756196,1.1774078846621665,0.9184864207999952,2.023899102464695,1
0.14548840989145329,-1.1694040173710871,0.257252211445186,0.05345308627720495,-1.149042517025312,-0.5309509535292507,0.11528733362184736,-0.6481263412833133,-0.8157012267910385,-0.7078403740537526,-0.5371987598076896,-1.2305907823719413,-0.3630623306933685,-0.21470352161489328,-1.399818082350934,-0.49240845089296975,-0.4460242973214549,-0.4209103808564634,-1.1966917692132182,-0.5551264061705055,0.03947872047047115,-0.9985300934327184,0.36124610004305846,0.07818797745152406,-0.7694579369151144,0.34724911201763,1.1044328877938687,-0.2069943493726341,-0.2711533515951859,-0.05568918303289176,1
0.30155889220403287,-0.0905941096874987,-0.1699261950667883,-0.4003508015387496,2.071917897766045,1.20915889109269,0.6159157300877347,1.2419412624248487,0.7418810959624464,0.7977479800462364,0.05491252996935762,2.0396081779499182,-0.02327527794689664,-0.22921188414748123,0.8253143314982131,0.10229187046966344,0.6332818344293151,1.0799926955447927,-0.22286667897194395,0.15951806992991882,-0.3184591088718005,0.4820456582067864,-0.28602635410223154,-0.43256363137006815,2.427748926430756,0.3072075422362302,1.0052114551798876,0.854887803766147,0.5160131825847781,1.2155394387728746,0
-0.3624500689076706,0.2302588369942589,-0.3983308343867745,-0.3543168442274253,-0.7103377541276809,-0.6606544620783292,-0.7869978219229101,-0.5396291417794767,-0.9360764414300664,-0.4698922616466048,2.07501450641943,1.9000265150093512,2.968037815227285,0.6542594646172329,0.651793303565957,-0.6476447789106337,-0.4957161081755418,-0.2197851548750405,0.031174648917083797,-0.0207492040520498,-0.05362649525439704,0.957131503787814,0.31065468983400124,-0.3212099449901198,-0.6380658740378867,-0.952512954696055,-0.9576952535037464,-0.6130349606516323,-1.2603646840759613,-0.7942863004061032,0
1.82821197373436,-0.4974728464216109,1.6145107708637711,1.719484516624694,-0.6228812130638098,0.46502051357754,0.6096437632064281,0.396642415934152,0.04516394456685957,-1.1015878457751036,-0.4827475997855616,-1.161343775562465,-0.6019519179954733,-0.25075460427162705,-1.2895772757375423,-0.16574207718673473,0.23839757750883697,-0.7168448390692583,-0.3014985185566433,-0.6892875849201885,1.7774427473346797,-0.10204961084660058,1.5337764307706183,1.6517174353031896,-0.6643442866133324,0.7667322240132447,0.9280392298134584,0.6084337796852262,0.8667629524349878,-0.5545467563112003,0
-1.2145949023343567,-1.0787281846131993,-1.2856108386640552,-1.0473836459701384,-1.478248846395819,-0.8785942260783134,-0.8207410037443392,-1.1277561227478974,-0.8667694996682014,-0.13563181802704005,-0.9508112137506088,-0.994389604694592,-0.9001929555589705,-0.6792349110673924,-0.0196431500068436,-0.7207957104585256,-0.5192368986464764,-1.000462200445157,-0.7115938050060743,-0.4134068511532347,-1.4183420573015786,-1.0603563336110713,-1.2731540462401292,-1.0162044828536136,-0.786976878632078,-0.6391717816447853,-0.915849692792633,-1.3631984129621382,-0.8368787868374592,-0.1431692014324174,0
0.10576137803006914,-0.2951959887309377,0.14531336118385935,0.2557751702627774,-1.149042517025312,-0.8729137804484267,-0.7737012521345402,-0.759458384479649,-1.308145286677971,-0.9061304677263754,-0.8732814163681085,-0.6523238930467344,-0.8764523754544136,-0.5163016033529345,-1.2526083043354683,-0.7788697324507452,-0.4957161081755418,-1.327027333686549,-1.0962849586666024,-0.6923109354272237,0.3725884922861111,0.1306122929824644,-0.004797632646002431,-0.06355086309834701,-0.6512050803256099,-0.5495549349911766,-0.7826916542411169,-0.6387452878551357,-0.33904040382425843,-0.4272024257296116,1
-0.3539371335088023,-0.4114470563692555,-0.3205497950507792,-0.4054656856844521,0.014911610792227368,-0.9122982034823074,-1.050859468619476,-0.7086889110776161,-2.1580672567050483,-0.7305020990449095,-0.3316546458168755,-0.6807840502956551,-0.4303273076562801,-0.4015536451406477,-0.3457028166972068,-1.1474164104782925,-0.9627860023300572,-1.27419347093881,-0.8821644108744217,-0.7728076426770333,-0.20259484041418688,-0.3314575020346997,-0.4261943200343842,-0.4496003941127415,0.7897278758946529,-0.9753938517139976,-0.709354073613392,-0.6130349606516323,-1.1116597125265637,-0.48090851297489073,0
-0.3056971662485504,1.7903481647004826,-0.3868077174481091,-0.33414146787493165,-1.6247207769580745,-0.8558724435587668,-0.7375747228982147,-0.5020030345881226,-0.7938148241293974,-0.8763869536754817,-0.2678277893670961,1.2111819446533052,0.1122438668166162,-0.4149628892995548,-0.7263833059996427,-0.4281919842669578,-0.4516560358849181,0.4349657822441772,-0.04382802884062913,-0.5815807231070627,-0.5729466985197741,1.461503463137535,-0.4922607498368,-0.5809766676335638,-1.7273060752901035,-0.4179897771380066,-0.702643445320659,0.05315156493500407,-0.4618836411911521,-0.8861956868258578,0
-1.034971965418242,-0.27659581790880644,-1.0749024146427346,-0.8808657510044847,-0.6833186601404692,-1.1660247749505774,-1.0955660485494287,-1.184916880111201,-0.6442577392748466,0.3331826177275188,-0.5779469788970966,-0.7048936102581169,-0.7063115513717552,-0.5886235923411383,-0.5575250312171972,-0.9428730041730038,-0.949799875760189,-1.1304399854871403,-0.3063374009926246,-0.16775962245663203,-1.1046809305484666,-0.8358294613844213,-1.1675072778623925,-0.9020406088047708,-0.3928006900003956,-1.088908524141902,-1.304682669297276,-1.3813021344841316,-0.4974435256920956,-0.2738355580291775,0
1.0081325303100763,0.3209346697521469,1.063047317370471,1.1994712951449218,0.17276000198067795,-0.1291540993086025,0.21952742318916205,0.4046315208857407,0.778358433731849,-0.9741156426998464,0.21682359520071823,-0.55407290432753,-0.09202404116634284,0.5063181315197827,-0.5611886229777633,-0.591804373148884,-0.6106698306179965,-0.4247999903839042,-0.22528612018993505,-0.5078865544980818,0.8588046188493127,0.3746632410549102,1.3462906164664652,1.509451684565401,0.13276756150851451,-0.09130141415960362,0.8182725241680402,0.7925136371777656,0.5192458993575908,-0.48090851297489073,1
-0.5185205512202502,-0.7834504728118722,-0.3752846005094431,-0.5529448452188794,0.8916101077983511,0.5388663067660666,0.600863009572599,-0.4156691584983716,0.4135850560378242,0.8246587784732345,-0.28874280447493345,-0.8754732788647062,-0.14296736930737147,-0.4307901938805599,-0.22380512720928764,-0.07248859956461284,0.10191073702961134,-0.3311252275980362,0.5041754070342741,0.30048178732043085,-0.4508754156805023,-0.21756705960089173,-0.3881019641122706,-0.3192779409677549,1.7883075537615818,0.9650333315020808,0.2320512097385793,1.4345111566972009,2.8548837677149783,1.946385162110685,0
-0.4702805839599982,-0.7253249389927129,-0.4320771054214395,-0.5086158492894564,-1.9098433214020776,-1.175302836146059,-0.8571184116559171,-0.8385762948066745,-1.238838344916107,-0.9911119364432132,-0.8368604417837713,-0.6539553670291567,-0.7859414138057901,-0.5699385799885629,-0.6757591289445506,-0.9366747191334496,-0.5656159221102909,-0.5696879452810777,-0.5071510220858565,-0.8022853101206256,-0.6639829094507563,-0.6617397850927432,-0.7321235535338593,-0.6282229478168541,-1.6944580595707963,-1.1844362691918122,-0.8338362284435891,-0.8912845964812643,-1.5626237023339764,-1.307539319750156,0
0.10576137803006914,1.083541673459511,0.3132216365758493,0.08812063437585625,0.7636249257536618,0.4820618504672002,-0.057442634289334375,0.32139020155144343,-0.2393592900344796,-0.428817885100133,0.07726995991221805,0.7434927363589373,0.6389879878864747,-0.13117052521514425,1.1120736502115969,0.3128102001914594,0.5706701527531653,0.6148602228883187,0.7497486906603346,-0.08764083402020148,-0.12397265824652012,0.5552609426285201,0.12316887552984836,-0.2583319958986034,0.6013992524372935,0.3256393759451285,0.5210875569184362,0.4228326010563849,-0.05294496943030872,-0.7184333730596784,1
-0.25178190872238654,1.499720495604688,-0.1855647109121211,-0.4060340061450859,-0.6769194010382342,-0.13653867862745517,-0.3418136126877725,-0.5465873944792479,0.65798321909282,-0.07189571648941136,1.1569174639271262,4.405245452462128,1.2399214217830734,0.3805789895706868,-0.569181914091725,0.3468728477061268,0.26456859789198944,0.4722412068821526,1.2433146991304462,0.2456835593804194,-0.36604621913117774,1.3915421913567674,-0.3416769053321946,-0.4634756957279085,-1.585840620925622,-0.610570660372357,-0.4370942971653677,-0.848687604664809,0.27032670785099083,-0.5390439682403981,0
1.0081325303100763,0.9161401360603336,0.6638536234238281,1.057391179986514,-0.1230279743003824,-0.6080156659080462,-0.5260839996605584,-0.3922172697695138,0.0634026134515608,-0.6681823553192275,1.2045171534828938,1.6190504402588584,0.6978448427290221,0.7056982045054995,-0.6687649992198338,-0.6152573435688189,-0.28767306006643084,-0.1176829047797169,0.09649956180283412,-0.7153639830433663,0.7243193072467247,1.4663844820989842,1.3433146511600502,0.7401628102055063,-0.29644651055709564,-0.49425943386448207,-0.5645962347272945,-0.13701357710274323,-0.27600242675440484,-0.6459024717284265,1
0.26466950547560514,0.978915712585025,0.0951054945225291,-0.019007772453583007,0.5147648495556538,0.775551541344677,-0.08842615068298863,0.004145421054477573,0.4792442640227485,-0.21353149768414223,-0.5548683415367244,-0.8181904145929929,-0.4600030327869764,-0.3454986080829213,-0.5075669617549352,-0.279656504940704,-0.08095512691342889,-0.960107501597958,-0.7091743637880834,-0.6945784483074999,0.6229380723463127,0.8220899791877276,0.5308761225087204,0.06044866779162691,0.23350147638105548,0.6154640715057352,0.3662637755932393,-0.32657019068596976,0.013325724412357512,-0.2134854187535556,0
0.4604670196495689,1.3904444920246697,0.24161369559985377,0.4089375344035409,-1.310446052159448,-0.4315431550062347,0.26970315823961416,-0.5226200796244811,-0.7245078823675323,-0.5959481069099144,-0.7059612955054106,-0.41140956830905423,-0.7063115513717552,-0.4868452309382862,-0.9638506628435946,-0.30143426318778616,0.5186593907258878,0.3960696869697681,-0.09947517685441604,-0.37032410642798447,0.24637919985906745,1.731586512337709,0.6469387694589105,0.1624936075183618,-0.7738376723443555,0.25572552394585935,0.9884348844480552,0.4137046742385732,0.5095477490391519,-0.016378541853357905,1
-0.7682333229203782,0.07215738500614681,-0.7563705392667532,-0.8766033475497325,-0.4024622884312884,-0.395566999350286,-0.021943301741139423,-0.1592446608586632,-0.24665475758836025,0.45498938955498713,-0.48382941091182896,0.6637317861071845,-0.4506057198289225,-0.48398752316671584,1.3618639975229063,-0.41088145848081536,0.21189527838665717,-0.1095795515975484,0.13158145946369973,-0.3824175084561248,-1.1212329688995544,0.1354933119439135,-1.0633484921378629,-0.8070211382502724,0.1590459740839608,-0.49870849717352633,-0.09005894831260425,-0.8114152368254105,-0.33904040382425843,-0.2638694799836619,0
-0.7341815813249064,-0.1952200705619845,-0.6069815589547624,-0.7009923252139404,2.327888261855424,0.17721126832995038,0.2533960443482173,0.1894411133187493,1.110302207433411,1.3812873985685268,-0.39764512451918943,0.816002691133258,-0.4476381473158528,-0.4822289337688264,1.3984999151285653,-0.3511322243157434,-0.07101676474261154,0.6829283896185343,0.3420728454288942,0.2573990425951804,-0.6474308710996686,0.18755751419936809,-0.7020663039390663,-0.6282229478168541,2.046711944086797,-0.1599441052134315,-0.3819712790464895,0.5916992471859046,0.18142699659863343,0.6585464102290588,1
1.1613653674897,0.5348366342066512,0.1473710606371925,0.832336277575596,0.28012534914038967,-0.4177207373068437,-0.1229219685301746,-0.01183278884870012,0.417232789814764,-1.0987551301512093,1.1944202496377312,1.8528950444060424,0.24875220241781903,0.008637331917067299,-0.24745194675475823,-0.7118612455366458,-0.47418299013877085,-0.4870337428229587,-1.5315424337831371,-0.6246634678323131,1.096740170146198,2.0455987321909226,0.6528907000717403,0.8139302365139894,1.091929620512276,0.140049877910705,-0.4883826705455413,0.5460596130968451,-0.11921566327297492,-0.21902212877884145,0
-1.4549434450957297,-1.4530566224085828,-1.3321148463093857,-1.128369311610431,0.7707352136450336,-0.821600421591784,-0.9755331463749843,-0.9130553700005194,0.7820061675087888,-0.22486236017972025,-0.7405792515459688,-0.5912342561493692,-0.7577494749316286,-0.6255539696968168,-0.35702664577531923,-0.914282716422988,-0.8571080845803654,-0.8996564868589806,-0.5289259930477731,-0.6329776817266596,-1.249511266120484,-0.8846396509989106,-1.2401208313389211,-0.925575930531763,0.951778086776566,-0.7059077312804513,-0.608215318630059,-0.7785547002812877,1.3015633583783348,-0.35965456342111707,0
-0.01909500781999462,-1.3089052985370684,-0.0913220759494598,-0.14915315793868472,0.699632334731317,0.5426532705193245,-0.10975083807943094,0.5105515897600323,-0.9543151103147676,-0.3962416554253448,-0.3327364569431428,-0.11575022771676188,-0.3957056283371345,-0.4461778511120926,-0.5488656325104051,0.6579039077990719,0.2400539712039733,0.6051361990697165,-0.4611816389440325,-0.3695682688012256,-0.010177394582792373,-0.604794563875839,-0.20716327348223096,-0.3616063927304796,0.07145126549914232,0.557626248488158,-0.2870638217635515,0.6312535967297559,-0.6768593065832161,-0.6187725926045227,0
1.6097132984967482,-0.33704637308073204,1.79970372166376,1.6456028567423222,-1.124867538194648,-0.13956824963006126,-0.11752807701225096,0.6739416716731731,-1.0783380587307356,-1.076093405160052,-0.6251860647441083,-1.3556704543576443,-0.462970605300046,-0.4646430397899319,-0.4672674523887108,-0.5030181279877023,-0.3612169401304796,0.170796468505483,-0.8337755865146067,-0.9481619720850696,1.6967515603731271,-0.668247810374675,1.7718536552838289,1.743048534542264,-0.5679901071700318,-0.4218032599743303,-0.6508757413481473,0.6495094503653798,-0.6380667053094605,-1.0849635767336407,1
0.3781753107938452,-0.8067006863395357,0.4786606726238392,0.3370449961333868,-0.5823525720829914,-0.4381703415744359,-0.1094999594041786,0.09640669759218168,-0.009552062087244151,-0.462810472586868,-0.3078548010389917,-1.0761445787026385,-0.18500797990919116,-0.28438762650626287,-0.7700133533300182,-0.594037989379354,0.01942233101182693,-0.7262447287605738,-0.9341823970612226,-0.3313984686499073,-0.003970380201134248,-0.7447171074373745,0.36124610004305846,-0.17033799451634143,-0.41907910257584063,-0.3251950281207948,-0.02439065716228858,0.24635934924535544,-0.3034805193233159,-0.11714666431357124,1
-0.7001298397294342,-1.490256964052844,-0.7510205206880871,-0.7680541395687088,-0.8376119073832333,-0.7098849908706799,-0.4368966306083796,-0.08476558566481833,2.1280199311997388,-0.3679144991863989,-0.7712305667902131,-0.801513124994899,-0.7740711237535115,-0.4982760620245676,0.07194664400730331,-0.4700722885882701,-0.3320644110960819,-0.3938451812280207,1.3570284363760108,-0.6828629650927388,-0.8170892641983176,-1.5875063814475543,-0.749384152311067,-0.6366535108235378,-0.471635927726732,-0.6900182194624356,-0.3819712790464895,-0.4193707800003904,1.151242028442531,-0.8917323968511444,0
-0.1212502326064109,0.9184651574130994,-0.5427813360107661,-0.5583438895948991,-0.1770661622748077,-0.13956824963006126,-0.7000683609480016,-0.1723880270693418,-0.2721888940269422,-0.27301852578592867,-0.6280708944141548,-0.3332800920397239,-0.5510085898544448,-0.4940994122045802,-0.5172255218509727,-0.13558825807538982,-0.27475318924436826,0.1837618335969527,0.10738704728379246,-0.2845365357908632,-0.08673057195657284,1.355748052306142,-0.24852919124140124,-0.33631470371042826,0.3254759203951156,-0.06270029288717532,0.236365185069622,0.6829785153640234,0.997687981733914,0.20121416214039936,0
1.7487579100115918,-0.20684517732581648,1.5198565960104442,1.350076217212834,0.034109388098930285,-0.9225230056161032,-0.3702883423289042,-0.2027981684979704,-0.1518136793879142,-1.5633204924699258,0.06969728202834598,-0.5736505921165966,0.37190646171020825,0.1882332741765278,-1.1363725293866056,-1.0729811495978805,-0.8571080845803654,-0.3624041708812065,-0.7720798354558427,-1.0343274615355704,1.543645205625566,-0.3314575020346997,1.420689749126843,1.5445790304265834,-0.44097777972204527,-1.0407315243096782,-0.41504508991781647,0.7103622958174589,-0.3341913286650395,-1.4714259364986346,0
-0.13260081313823463,1.3555691717331748,-0.19667628796012027,-0.26679549328984625,0.13934164889123132,0.19425260521961027,0.09747494767893694,-0.4483987174935906,0.5923240111078957,0.41108229738461993,0.4284979722403814,0.5332138675134074,1.069780597700415,-0.10105468177628726,-0.19416333932834537,0.44682717401965855,-0.001448229546889569,-0.09175217459677752,1.3267854211511272,0.4493817997919098,-0.05983350963605516,1.181658376014464,0.045793777563054805,-0.16840599049397637,-0.11249762252897667,0.5709734384152911,0.6126397000550078,0.6829785153640234,1.2837834161278636,1.1269520783682925,0
-0.41920297156679043,2.4832045278248565,-0.3892769567921085,-0.41768457558807537,0.5218751374470257,1.1334196160275354,-0.2535043189989766,-0.10177464781981392,-0.6223713366132055,1.6588935297101997,-0.5371987598076896,-0.38222431151239017,-0.37394342990795726,-0.4657421581636128,-0.2774267884321153,0.28321478513773213,-0.13263461020167935,-0.5575329155078249,-0.21318891409998095,-0.3431139518646684,-0.45708243006216,2.2229424211235678,-0.10598045306411648,-0.4919288458754663,0.8335252301870621,1.0444808905921594,-0.0373325831554164,-0.08224601619587191,1.1059839936231488,0.9940710377614176,1
-0.5525722928157224,-0.0929191310402646,-0.2670496092641158,-0.4185370562790257,0.2232430460094168,-0.4315431550062347,-0.05418121151105503,-0.018791041548471263,1.0993590061025895,-0.5619555194231795,-0.3082154047477475,-1.3527700561666716,-0.24881078894018804,0.07348531596424096,-0.3893328640275822,-0.7699352675288652,-0.7672984184300787,-0.5575329155078249,-0.15754176608619405,-0.658676161036458,-0.15914573974258148,-0.6617397850927432,-0.24852919124140124,-0.08796436847186874,0.3999314226922103,-0.4211676795016097,-0.40018584155533615,0.02120382107266266,1.1997327800347262,-0.3651912734464037,1
1.1613653674897,1.216067890567193,0.8819697654771489,1.4125914678825335,0.0824593457602575,0.1885721595897237,-0.28687118280752727,0.4440616195177763,0.778358433731849,-0.0874756524208316,1.2045171534828938,2.0069786983014737,1.2958107041125513,0.644367399254105,-0.8253002835349212,-0.07248859956461284,-0.29131712619573064,0.46413785369998384,0.26948960888917195,-0.21726698700933184,0.8401835757043383,0.9766555796336098,0.566587706185702,0.17672018259214073,-1.5442331343478328,-0.4135407138289621,-0.7956335802342447,-0.15374810960206506,-0.06749219490796737,-0.8003766814339182,1
-0.9016026441693102,-0.4253971844858533,-1.0432138430614026,-1.0016338488891312,1.3964405480857387,-0.16020720208531591,-0.5629631649226408,-0.8988811515380231,0.2968575751757361,1.4804324454048372,0.07726995991221805,0.5168991276891853,-0.29233518579854256,-0.3822091617638637,2.564188202581344,0.5210949136827854,0.21288911460373897,-0.7954473649362931,3.580494915709504,1.2093765334978608,-1.2122691798305365,-0.7642411832831704,-1.146675520717486,-0.9185504613595266,0.5094248084232333,-0.6334515573902997,-0.4955726294306123,-1.3511799759853524,-0.02708323524780493,0.43763168022013016,0
1.550122750704672,4.647799407250334,1.5280873938237765,1.128431237565718,1.3253376691720222,1.0652542684688953,0.997251316471172,2.3498497200661617,0.4135850560378242,0.5725470879466134,0.5965393005205908,3.069249535745271,0.200281851371015,0.6740435953434895,-0.42796710441173136,0.497083539205233,-0.3552539228279892,0.5905501633418131,-1.0091850748189355,0.8953259995795888,1.440194965931268,3.882488868016198,1.1349970797109914,1.9415180386579445,1.3809921588421763,1.0489299539012036,0.6011357658388939,0.8746649785380727,-0.2808515019136247,1.946385162110685,1
-0.29718423084968254,-0.4974728464216109,-0.3818692387601092,-0.23809531002784784,0.0021130925877584287,-0.7028791079271531,-0.5702386465049564,-0.1839851149022934,-0.5275302584127596,0.0017548897318495531,0.34844394889659064,1.653492668776661,0.1008681721831826,-0.1621656633529458,0.8452975592831182,-0.4192575193450778,-0.27475318924436826,0.3150361551480829,0.7291834403074133,-0.17229464821718465,-0.39708129103946727,-0.6975339241433685,-0.5095213486140077,-0.4511811246764947,-1.001583914664883,-0.949335052332452,-0.9896666040126958,-0.6805816191034402,-1.1035779205945313,-0.7566366722341554,0
2.5943761596324797,0.5301865915011185,2.503436934703719,2.918640688561656,-0.5404018735238981,0.42336391229170506,1.309595267160237,1.8163836797503865,0.11082315255178382,-0.8678888068037981,-0.5487380784878756,-0.023300035379503228,-0.14989170517120048,-0.2230568212548681,-1.1936577823699992,0.7366388799231389,1.1225805319725588,0.13676238514037514,-0.14060567756025869,-0.4156743640335111,2.164346643791355,1.502178621149609,2.28967161860006,2.343726148768483,-0.16943418310910843,2.267337720106648,3.991920376038408,1.6824865019144235,1.3742994857666273,0.07165514754869617,1
0.38952589132566895,1.9344994885719968,0.5897764431038327,0.87751775419597,-1.0267455652937187,-0.44839514370823175,-0.05418121151105503,-0.45355297875268025,-1.3227362217857324,-1.0421008176733162,1.4926395167787898,2.0069786983014737,1.4610055740067605,0.8083558606072964,-0.6048186703081387,0.19163651968846285,-0.09950673629895476,-0.05933876186810357,-0.45271359468106487,-0.504107366364288,0.47190072239263736,1.4663844820989842,0.36124610004305846,0.4222603301618056,-1.5078813302851333,-0.3684145002657976,-0.37861596490012295,-0.14614150392055517,-1.310471794054563,-0.9941615323189438,1
1.328786430334104,1.1439922286314363,0.85727737203715,0.7550446949294224,-1.200236589843188,-0.46903409616348646,-0.19906364646923597,-0.08502329872777271,-0.826644428121859,-0.9911119364432132,1.260771332048801,0.7888114580928876,0.981742613146016,1.4434264569201252,-1.1820008994954716,-0.37849402313900055,-0.5725727756298632,0.14486573832254362,-0.190204222529069,-0.07403575673854348,1.6181293782054609,1.6795223100822538,1.6111515287374116,1.509451684565401,-1.436053669245582,-0.18218942175865352,-0.527208448524925,-0.16896132096508487,0.03110566666282881,-0.5368292842302836,1
0.23345540901308884,1.0788916307539782,0.3428525087038475,0.004293366432395672,0.17560411713722648,0.5502271980258397,-0.021943301741139423,0.7641412437072415,0.7455288297393863,-0.428817885100133,0.04084898532788081,0.5839708358554319,0.34519830909258176,-0.028293045438611223,-0.770346407126433,0.4686049322667406,0.060169615912178114,0.2631746947822042,-0.7188521286600464,-0.5944299627619619,0.06223777320321663,1.324834932216966,0.07257746532079111,0.2536490700281301,-0.3928006900003956,0.6396161294691189,0.6318129237485306,0.4578229871913304,0.2396158985092672,-0.7328288191254237,0
-0.870388547706794,0.4534608868598284,-0.8473208551040815,-0.7680541395687088,2.071917897766045,0.5426532705193245,-0.2571420597901344,-0.4156691584983716,1.5553257282201205,1.3812873985685268,-0.24222492604543333,1.3507636075938725,0.200281851371015,-0.36088626531445406,0.285101073712954,-0.3511322243157434,-0.04053912075210482,-0.22626783742077533,1.6243766909639883,-0.2199124187029876,-0.5812227176953177,0.6154601764863902,-0.6199296614820087,-0.690047076532535,0.8379049656163026,-0.3137545796118236,-0.45674685145122856,-0.4526877128854039,0.8295867095476379,-0.1453838854425319,0
-0.16949019986666283,1.71594748141196,-0.14111840272012324,-0.08805870842056937,4.766717008595899,3.3999174223523045,2.0321258518867498,2.1153308327775844,2.762725608387342,2.4024813809825347,1.4482852606018242,0.4752059036939512,2.0302849010972834,0.7918690850020828,3.38683107972659,2.239862603029438,1.0400921259547742,1.5354011443826645,-0.671673024909227,0.8492199043473031,0.3022423292939884,1.054751883016792,0.5398040184279661,0.5996534267607767,3.951896855806595,2.614364658212111,1.9466167385318591,1.627718941007552,0.4044844539227296,1.2819799590763123,1
-1.4430253355373146,-1.501882070816676,-1.2724415621627228,-1.1195603444706097,-0.4906298582842972,-0.4826671656752144,-0.6853919584457443,-0.5393714287165223,0.6798696217544621,1.5937410703606232,-0.7607730592362945,0.48789514577945714,-0.7364818719212963,-0.6279720301189149,0.04929898585107779,0.2982916946934045,-0.16013074554094084,-0.3311252275980362,0.29005485924209323,-0.14621825009400682,-1.3593754206758286,-1.346709446016075,-1.3213646842040545,-1.0471165472114543,-0.3928006900003956,-0.5851474414635318,-1.0113323467863766,-0.8996518627309252,-0.3487385541426972,-0.43218546475236974,0
0.38952589132566895,0.15120811100020287,0.274536886853185,0.08812063437585625,1.936822427829984,3.2654802091116544,1.0825500660569407,1.000206409373546,2.1572018014152614,2.4024813809825347,1.2340866576008704,-0.8504573444675655,0.3783362021551924,0.5883123621963784,-0.33337982622984863,0.9840118774476896,0.1204623464151371,-0.028546019775862987,-0.6378008478573565,2.995042926715473,1.1132922084972854,0.29493993135124424,1.039766189905707,0.3765947805422685,2.563520724737224,3.2938001835504624,1.8426019999944971,1.6474961157794776,1.883452377484674,6.840836824463898,1
0.727205662147433,0.5092613993262214,0.482776071530506,0.038108433840096656,-0.16426764407033875,0.46502051357754,0.39639688924200606,0.6502320698813607,-0.3196094331271652,-0.5874499600382309,-0.3947602948491428,0.4063214466583466,0.03014102728835664,-0.26416384843053414,0.5975055347502991,0.9449235934144647,0.7061631570153094,1.3781960926485943,-0.561588449490648,-0.3298867933963897,0.12844592660756748,-0.13458973725625992,-0.13276414082185278,-0.19615659372431055,-0.2044720665430356,-0.23684934241262756,-0.20318096810438904,0.05923684948021195,-0.5928086704900782,-0.9144329079548184,0
1.1698783028885684,4.647799407250334,0.9478161479838114,0.7843131986520543,-0.7451781647954022,-0.2923722370740118,0.8166186702895438,0.8326929184531332,-0.6734396094903684,-1.0534316801688952,2.173819922618523,4.2620382917828445,2.3774908851264294,1.8017390467401015,-0.3280509654872075,-0.3031094753606388,-0.13263461020167935,1.0200278819967452,-0.5990897883695048,-0.6246634678323131,1.4691610330456717,3.882488868016198,1.5694880144475998,1.5270153574959922,0.07583100092838276,0.2398360121278436,0.5460127477200157,0.7544806087702165,0.1313198866200322,-0.6575295627815281,1
0.6023492762973688,1.0626164812846135,0.7132384103038253,0.11028513234056804,-0.6235922418529468,-0.3544784426274392,0.15304457424731285,0.12166257776172083,0.610562679992597,-1.0236881661180015,2.058787339525418,2.828153936120655,1.2448673759715227,1.2185468376650117,-0.17584538052551615,0.07102124324308359,0.05453787734871504,1.0751306836354912,2.2086717451087527,0.15233761247571043,0.14499796495865486,1.8698820495787616,0.1440006326747539,0.18427256195229488,-1.102317829537424,-0.00549805034231872,0.11509454520809012,0.578007356959187,0.6356237031788591,-0.5407049812479842,1
-0.35961242377471464,-0.1580197289177228,-0.4748772540507699,-0.3838695081803744,-1.8558051334276533,-1.5318454735152771,-1.1138927357766064,-1.153321258592982,-2.741704661015488,-1.4188519956513004,-0.8837389239220272,-0.012423542163355126,-0.8220468793814705,-0.6033517785484624,-1.2895772757375423,-1.1282073108962507,-1.0565710133486703,-1.9117652993118304,-1.2402417111370516,-0.8389434350184265,-0.521221578672625,0.20382757740419805,-0.3666750139060817,-0.5159910777903763,-2.0816266715156937,-1.2668710565036778,-1.304682669297276,-1.494792691252259,-2.159059946917973,-1.307539319750156,0
-0.13260081313823463,-1.5228072629915732,-0.016833355738797497,-0.17387509797624748,1.9865944430695848,0.31354196344722973,-0.370162902991278,0.4211251569148274,-0.4472801153200739,-0.2333605070514037,0.4793430951749512,-0.4313498058719924,-0.09202404116634284,0.1869143321281108,1.1487095678172552,-0.8291260976363198,-0.5092985364756589,-0.0204426665936945,-0.798693688853741,-0.7191431711771602,0.14499796495865486,-1.5452042171149971,-0.08217273061279555,-0.04616282689706176,0.999955176498217,-0.5762493148454431,-0.7074367512440397,-0.6096880541517681,-0.890218613588874,-0.8435630196311527,1
-0.3851512299713186,-0.5207230599492739,-0.17321851419212136,-0.23837947025816472,1.1262496082136153,1.7582686353150654,0.9646370886883776,0.969280841819008,1.0811203372178884,1.5951574281725698,0.7411413877316725,-0.11393747884740409,0.715155682388595,0.7417492871622333,0.8309762460372694,4.053000578113447,2.3456616364611538,2.81897228843816,0.6517613213317097,5.338139569667683,0.024995686913269352,-1.039205251444793,-0.02562938979090798,-0.08726182155464512,0.7327913153145211,1.4290070765881395,1.042119910789919,0.5916992471859046,0.6550200038157368,1.946385162110685,0
1.277708817940896,0.17445832452786592,1.4128562244371168,1.5262555600092598,-0.6882958616644294,1.3719983324827745,1.5654915159175438,1.97358864815262,0.3552213156067796,-0.09739015710446285,1.6404870373686733,0.5314011186440495,2.2113068243945304,1.3972634852255272,0.4566237788667199,3.382915708972452,3.177171271419543,4.452608289963337,-0.11278210355336545,1.455401681007843,1.42364292758018,-0.09554158556466882,1.1349970797109914,1.0615780248353253,-0.4935346048729366,0.8709674215394275,1.837808694071117,1.3188907503382503,-0.24529161741268213,0.1320052868243188,1
-0.850525031776102,-0.20219513462028305,-0.8954710223120786,-0.8064157706614788,-0.7451781647954022,-0.3722771722677506,-0.370162902991278,-0.6860101615376218,-0.421745978881492,0.04991105533805703,0.05419132255184607,0.9410823631189608,0.200281851371015,-0.34747702115554696,1.954699755141748,0.13244568958100816,0.7833511032086579,0.27614005987367385,0.060207943532972784,1.3465610627545788,-1.0612318298768613,-0.6145566017987372,-1.01364987152073,-0.909592988164925,-0.5723698425992729,-0.9112002239692142,-0.4370942971653677,-0.6845370540578253,-0.7980861855637035,-0.13098843937678736,0
-0.6490522273362264,-0.31379615955306817,-0.5341389983067669,-0.5432833973881078,-0.2993631140064,0.0844306563751352,0.280992698625966,-0.5501953773606105,-0.6588486743826081,-0.24894044298282492,-0.11998026877721232,-0.36047132508009394,-0.14989170517120048,-0.3323091875987505,-0.007986267132315997,1.2196583897622728,1.5118330503295736,0.3085534726023481,-0.5567495670546667,0.7660777654038377,-0.6660519142446423,-0.3412195399575979,-0.5702310408648765,-0.6371804210114557,-0.4497372505805273,-0.13134298394100322,0.15727563733384026,-0.15374810960206506,-1.0227600012742064,-0.3651912734464037,0
0.5682975347018965,0.9300902641769312,0.5897764431038327,0.4885023988922493,-1.106380789677082,0.20940046023264147,-0.27959570122521177,0.23763345609123712,0.026925275682158325,-0.9302085505294792,-0.24222492604543333,1.2855046482969836,0.11273846223546108,-0.07907231430266909,-0.602154239936818,-0.04345158856850307,-0.03656377588377779,0.4511724886085141,0.45094770023847786,-0.5358525466881565,0.1698260224852866,0.9555044974673312,0.2511353837056987,0.028658419787256792,-1.5078813302851333,0.09047460103849617,-0.4366149665730296,-0.2603927212568338,0.016558441185171045,-0.7754614863201289,0
-0.3539371335088023,-0.5741985510629002,-0.572000668248098,-0.5412942757758902,3.437093172909401,1.597322675801611,0.3926337091132222,1.009999505765816,0.4135850560378242,2.4024813809825347,0.23269015838597412,1.3507636075938725,0.44659036995579393,-0.08258949309844808,1.871436306037978,1.2492538048159998,0.5537749370627759,0.33772554405815475,0.0033510749101905405,0.4864178435030899,-0.179835787681441,-0.07276349707790712,-0.1744276551116643,-0.3463259972808653,3.7679479677784777,1.123292869209517,0.6145570224243598,0.5916992471859046,0.15071618725690983,1.7470636012003735,0
1.1613653674897,0.8417394527718101,0.7338154048371575,0.5206125049180496,0.3014562128145042,1.1769696991899996,1.7373434084653423,1.2135928254998558,0.1618914254289467,0.43657673799967145,2.3108493319457324,-0.5567920276315671,2.830540288788392,1.6720430786457543,0.485599459154832,0.14528898290621062,1.4886435385976662,1.7477089977554796,-0.6438494509023336,0.05823582794424261,1.4277809371679524,0.5943090943201111,1.358194477692126,0.7717774214805705,0.6933736964513524,0.8252056275035424,1.7064721117704853,1.6155483719171362,-0.5572487859891356,0.4542418102959892,1
1.5330968799069364,2.3251030758367444,1.3799330331837856,1.5972956175884636,-1.3886592189645366,0.006797899433351234,0.022713102453763,1.011030358017634,0.4026418547070037,-0.9712829270759518,0.698950753807242,0.6601062883684685,0.6686637130171708,1.5687259515197491,-0.4236374050583353,0.776285568013981,0.4126501942371688,0.9535803859029636,-0.7648215118018706,0.4864178435030899,1.5333001816561362,1.8633740242968304,1.5337764307706183,1.3127385477427795,-1.0804191523912194,0.8347393345943518,0.3432559071610118,0.5810499992317907,-0.3632857796203559,-0.061225893058178354,1
-0.6064875503418863,-0.21614526273688167,-0.6971087950107568,-0.6333621903985382,-1.093582271472613,-1.086687884319827,-0.9730243596224616,-0.8981080123491596,-0.03873393230276593,-0.8678888068037981,1.3833765930257775,1.9000265150093512,1.4610055740067605,0.1869143321281108,3.436789149188852,-0.13558825807538982,-0.37049274482324257,0.6148602228883187,2.0622955514203127,1.231673743487245,-0.7653641443511685,-1.3857575977076655,-0.8708035368128041,-0.8245848111808636,-1.9436650054946047,-1.2959806421542823,-1.304682669297276,-1.3358146325087024,-1.761435783861975,-1.4714259364986346,0
1.589849782566056,0.4557859082125951,1.7585497325970958,1.6342364475296496,-0.83334573464841,-0.004562991826422112,-0.08842615068298863,-0.3630956936556575,-0.08615447140298996,-1.3777776191048288,0.27884743310671833,-0.8254414100704249,0.05239782113637879,1.264270162010137,-0.7966576570432243,-0.4092062463079629,0.4166255391054958,-0.7281895335242944,-0.43214834432814353,-0.40055761149833546,1.31605467829811,0.01997586318962233,1.5694880144475998,1.743048534542264,-0.9096094706508236,0.12225362467452762,0.5306741687651976,-0.31485601793644463,0.4723715061518021,-0.6403657617031399,1
0.4689799550484367,0.6627128086088008,0.6720844212371612,0.3174379402415265,1.261345078149677,1.5746008932820643,0.7212847736936846,0.961807162993328,1.2416206234032596,1.1178448455463277,-0.2653035634058055,0.2069190710289647,-0.18748095700341577,-0.25251319366951647,1.3618639975229063,1.7562846891326862,0.7061631570153094,1.071889342362624,-0.671673024909227,0.19315284432068427,0.3725884922861111,0.9766555796336098,1.0844056695019335,0.8139302365139894,2.046711944086797,2.3544122448693745,1.4787900804099017,2.021741115309765,1.2611543987181724,1.243222988899307,1
-1.3788945555325087,8.172307038927801e-5,-1.3321148463093857,-1.0078853739561011,-0.39819611569646607,-1.1739773988324187,-1.082909219382952,-0.9919155672645904,-0.9543151103147676,0.551301720767404,-0.7979152412381434,0.8141899422638997,-0.8264982381510748,-0.6387433901809877,0.8253143314982131,-1.0180341903283188,-1.0565710133486703,-1.0100241572001158,-0.6136064356774492,-0.5078865544980818,-1.304339893158462,0.3827982726573252,-1.2496439203194498,-0.9320744895160817,0.014514704919010574,-1.109247099268962,-1.266446467946468,-1.743528697037633,-0.8368787868374592,-0.7953936424111601,0
-0.13260081313823463,0.07680742771167942,-0.2769265666401156,-0.3531802033061581,-1.0864719835812413,-0.5320870426552281,-0.7767117962375674,-0.6001917115737798,-0.5275302584127596,-0.795654558394485,-0.4827475997855616,-1.2922242439301137,-0.6533898415553469,-0.4490355588836629,-0.4509478163643717,-0.44996974251404,-0.4516560358849181,-0.5170161495969822,0.2888451386330979,0.08922517064135234,-0.4198403437722128,-0.4323318939046441,-0.4261943200343842,-0.33894925465001696,-0.471635927726732,-0.5762493148454431,-0.8294263869940787,-0.10810847551300563,-0.0788067036128125,-0.15147426647034692,0
0.14548840989145329,-0.03944363992663833,-0.2670496092641158,-0.2719103774355488,-1.200236589843188,-0.18406507373084,-0.370162902991278,-0.2991828540429462,-0.29042756291164346,-0.9911119364432132,0.7036386020210675,-0.6539553670291567,0.4955553164214426,0.3805789895706868,-0.413312737369468,0.4579952551720084,0.28179509232140626,0.3085534726023481,0.8428971775529782,-0.565330214131749,-0.10328261030766056,-0.03208833906583282,0.15590449390041458,-0.22952757229243384,-0.6161671968916822,0.48072101128896205,0.08633470966780585,-0.4936112514519271,0.6744163044526144,-0.9448848130938944,0
-1.120101319406922,-0.27659581790880644,-0.8765401873414128,-0.8410833187601305,-0.09032065000007368,-0.5548088251747748,-0.9380267844247712,-0.898365725412114,0.22755063341387197,1.28497506735611,-0.5808318085671431,-0.24264264857182305,-0.6622925590945558,-0.4967372963014144,0.99883535943047,-0.7207957104585256,-0.9473484130913872,-0.5102093329239608,1.2796063174003072,-0.015080421851358872,-0.8750213984271248,-0.6357076839650156,-0.9279420706959746,-0.8391626597132543,0.1415270323669966,-0.9073867411328904,-1.1193734622993778,-1.0884478157460007,-0.1159829465001623,-0.2876773330923936,0
-0.3823135848383626,-0.3207712236113675,-0.1863877906934542,-0.39353095601114607,-1.6097891723861948,-1.1660247749505774,-0.7739521308097925,-0.6700319516344441,0.6616309528697608,-1.5633204924699258,0.07726995991221805,0.34831348283889,-0.4313164984939699,-0.21470352161489328,0.05629311557579452,-0.9140035143941792,-0.6096759944009147,-0.7254343934423569,1.6243766909639883,-0.9262426809090653,-0.3763912431006077,-0.3851487106106381,-0.615763310053028,-0.5909879612040007,-1.2380896278438929,-1.1581867956684504,-1.007785300403075,-0.8474705477557674,0.38347179489944566,-1.4127368102305982,1
1.711868523283164,-0.5695485083573676,1.7132803446237654,1.8501982225704292,-0.7366458193257566,-0.1291540993086025,0.1140329402455862,0.20026506196283744,-0.2794843615808229,-0.4004907288611861,-0.3410303422445266,-0.8504573444675655,-0.40807051380825793,-0.31450346994511974,-1.229294538586413,0.16259950869235287,-0.0431893506643228,-0.22950917869364265,-0.286981871248699,0.37039676779561753,1.440194965931268,-0.4453479444685076,1.5635360838347698,1.3443531590178437,-1.0804191523912194,0.12225362467452762,0.5148562592180411,0.5704007512776771,0.265477632691771,0.4105018010962264,1
-1.265388750214269,-2.071512302244433,-1.2646223042400562,-1.0900076805176608,-0.1870205653227281,-1.081764831440592,-1.1138927357766064,-1.1120356259076742,-1.0783380587307356,0.4833165457939341,-1.0305046333856436,-0.7010868376324652,-0.9387713982288756,-0.7037672331679504,-0.5355434806538019,-1.046568637672573,-0.9957813647371708,-1.4378812052186147,0.698940425082529,-0.5513472180367116,-1.139854012044528,-1.8673514685706256,-1.1675072778623925,-0.9763349453011716,-1.097938094108183,-1.1224036150542789,-1.304682669297276,-1.2681158419432643,-0.23074439193502347,-0.7018232429838194,0
0.32426005326768087,1.2555932535642216,0.22885595898918776,0.3174379402415265,-0.45792253398398747,-0.3544784426274392,-0.17485385430739273,0.7396585027265656,0.20931196452917072,-0.474141335082446,0.07330331911590413,0.26492703484842123,0.5603473162901295,-0.04060317122383729,0.4286472599678535,-0.2595539588664739,0.08700319377338528,0.3895870044240336,1.3570284363760108,-0.2996532883260387,-0.032936447315537846,0.3779172536958761,0.1975680081902265,-0.08708618482533917,-0.786976878632078,-0.7955245779340598,-0.555009622880533,-0.22327248553106532,-0.7997025439501099,-0.973122034222855,0
0.2760200860074289,0.2953594348717163,0.5074684649705042,0.26714157947545003,3.437093172909401,2.1710476844201616,1.1578136686326193,1.455585391614113,1.110302207433411,0.96346184404407,1.7746316170258365,1.252875168648539,1.4372649939022035,1.0429077215508022,-0.1658537666330636,0.6606959280871595,0.4166255391054958,0.30693280196591444,-0.02931138153268484,0.7203495889849318,0.4636247032170937,0.8497490866359378,0.17673625104532054,-0.10798695561274266,2.327015011558215,0.884314611466561,0.6826219665363661,1.3721369901088198,0.493384165175087,1.237686278874021,1
-0.3056971662485504,-0.9857273305025448,-0.3246651939574459,-0.2051327233110972,-0.863919972581309,-0.6104771923476638,0.12482072328143344,-0.590656328244464,1.0227565967868448,-0.7078403740537526,-0.007832515354153977,-1.1428537370950134,-0.1845133844903463,-0.23536694704009437,-0.8043178943607713,-0.45387857091736256,-0.12203369055280754,-0.31135304583354484,0.4521574208474732,-0.4704725919735223,-0.1922498164447569,-0.6959069178228858,-0.04348518162939899,0.08363271606000737,-0.1168773579582171,0.0675937040205536,0.5958631293231753,0.4213112799200832,2.871047351579043,-0.014717528845771847,1
-0.8164732901806302,-1.425156366175386,-0.7518436004694202,-0.80186920697641,1.382219972302995,0.4782748867139423,-0.5260839996605584,-0.7195128597217043,1.0336997981176652,0.320435397419994,-0.21337662934496837,-0.8694912075958248,-0.5188598876295238,-0.5174007217266154,-0.029301710102881032,-0.16574207718673473,-0.04650213805459524,-0.23112984933007624,0.29005485924209323,-0.11409515095675876,-0.6660519142446423,-1.3515904649775232,-0.6779609849571038,-0.7522224787068279,0.9824362347812527,-0.013760596487687037,0.34709055189971644,-0.1948237802822184,1.0607259588037674,-0.014717528845771847,0
-1.4895627157177929,-1.948286170547816,-1.3230609687147197,-1.0363013969877828,-1.0558977456483432,-1.2084387689870644,-1.0938600735577133,-1.119096963832627,-0.7646329539138746,0.4620711786147229,-1.0287016148418646,-0.7944434044044029,-0.8324333831772142,-0.6792349110673924,-0.06993427326552065,-0.9656000493180358,-1.0173476106478443,-1.3490684543420477,-0.03294054335967081,-0.10389134299551522,-1.3037191917202962,-2.083743309194861,-1.2401208313389211,-1.0162044828536136,-1.0847988878204604,-1.2444350658166397,-1.304682669297276,-1.743528697037633,-1.294308210190498,-0.5318462452075254,0
1.2833841082068078,0.4557859082125951,1.1124321042504683,1.1966296928417537,-0.7494443375302254,-1.0274219015813433,-0.8149707942135371,-0.5798323796003758,-0.39621184244291,-1.7786068798859165,0.100709200981346,-0.898313914618617,0.03014102728835664,1.247123915380715,-0.05261547585193652,-0.80902355156209,-0.6335280636108764,-0.32172533790672053,-0.8724866460024587,-0.9266205997224446,1.5353691864500223,0.07529407808604337,1.277843414418917,1.4321715236707997,-0.1168773579582171,-0.7605676519344253,-0.9749032217686832,-0.38072922313832014,-0.4990598840785019,-1.4127368102305982,1
0.04049553997208107,1.6996723319425957,-0.09049899616812668,-0.026111778211503397,0.5289854253383975,-0.5887021507664318,-0.9755331463749843,-0.6501880457869491,-1.0746903249537958,-0.5605391616112317,-0.452817491958829,-0.5335888421037844,-0.4303273076562801,-0.3400030162145168,-0.8043178943607713,-0.7950634501216526,-1.0565710133486703,-1.525073285458748,-1.331091728872604,-0.7822556130115181,0.22982716150797936,1.313445887973585,0.25708731431852905,0.11823315173327192,0.9824362347812527,-0.3391777985206487,-0.9218413251968588,-0.8299753546882945,-1.0712507528664013,-0.5894280294705044,0
-0.7171557105271703,-0.04874372533770438,-0.7563705392667532,-0.6421711575383596,0.03695350325547882,-0.13653867862745517,0.474169278570207,-0.01183278884870012,-0.33055263445798577,0.5782125191944023,1.017724432347382,1.4468392976698474,-0.04998343056452317,-0.2964779286167528,1.1120736502115969,1.2246840262808305,0.7657933300402139,0.7185831436200761,0.5900655702729458,1.441796603726185,-0.808813245022774,-0.6145566017987372,-0.8225928988488789,-0.726052606040247,-0.13439629967518127,-0.338542218047928,0.08633470966780585,-0.4907207412929532,-0.8675895961791829,0.4542418102959892,0
-0.2063795865950905,-0.5695485083573676,-0.14111840272012324,-0.29322239470931,0.5147648495556538,0.6789839656366037,0.15304457424731285,-0.3427363616822535,-0.7208601485905924,1.4152799860552607,0.07330331911590413,-0.005172546685923059,0.2047332101406194,-0.2509744279463632,0.6098285252176566,0.37200103029891407,0.4444529531837846,-0.20844046042000444,-0.2567388560238147,1.441796603726185,-0.2067328500019587,-0.4079267990973992,-0.08217273061279555,-0.4279970764081144,0.1590459740839608,0.05488209456614102,-0.2453620602301393,-0.34604310123063514,-0.7997025439501099,0.9608507776096988,0
0.2845330214062972,3.376012727287138,0.3387371097971813,0.0909622366790244,0.02202189868359922,-0.4716849707907669,-0.6941727120795734,-0.6731245083898978,0.23484610096775163,-0.76166197090775,-0.392596672596608,0.12171987416913813,-0.3957056283371345,-0.2575691381884487,-0.7693472457371879,-0.8745801879263839,-0.3731429747354606,-1.3255687301137586,-0.5591690082726574,-0.5846040736140978,1.1132922084972854,3.12267691635065,0.7749052776347612,0.6822026895345554,0.3254759203951156,-0.22032425012189125,-1.0771923701736277,-0.8778969704818069,0.640472778338078,-0.10884159927564171,1
0.08306021696642114,-1.4088812167060216,-0.2769265666401156,-0.03520490558164162,-1.278449756648275,-0.9393749943181005,-0.6646944677374327,-0.6380755318280884,-0.35973450467350754,-1.6766291174257106,-0.5227746114574571,-1.0507660945316262,-0.5915654141997296,-0.4356263147247559,-0.6687649992198338,-0.7515079336274879,-0.14588575976276924,0.3085534726023481,0.10375788545680607,-0.9481619720850696,-0.4281163629477568,-1.5452042171149971,-0.43214625064721457,-0.4525862185109421,-1.6944580595707963,-0.9073867411328904,-0.5602822593962519,-0.683472129262414,-0.6833247401288424,-1.4714259364986346,0
-1.5633414891746489,-1.4832818999945452,-1.5485848288000392,-1.1661626222425674,-0.6349687024791419,-1.2989472026899247,-1.050332623401446,-1.260710291926114,0.4135850560378242,0.4620711786147229,-0.8884267721358527,0.6891102702781968,-0.8324333831772142,-0.6715191000841524,-0.5002397782338037,-0.9547670106002564,-1.0173476106478443,-1.0753371838483945,0.7461195288333486,-0.5188462000860841,-1.4183420573015786,-0.9285688216519508,-1.3451724066553752,-1.0724082362315055,-0.24388968540620437,-1.1581867956684504,-1.2715129923074815,-1.4266375043459307,0.4804532980838346,-0.13098843937678736,0
-0.6774286786657862,-0.06269385345430221,-0.6415509097707605,-0.6089244105912921,0.26590477335764595,-1.0808180905022775,-0.7205149729810608,-0.5226200796244811,-1.0965767276154368,-1.1780711676202582,-0.6486253058132362,-0.344156585255872,-0.7028493834398405,-0.5468570941412638,-0.20282273803513745,-0.976935651687671,-0.6636744288623558,-0.960107501597958,-0.7720798354558427,-0.9734825325814888,-0.6494998758935545,0.6235952080888052,-0.5785637437228389,-0.5851919491369056,0.7459305216022437,-1.0923406586945932,-0.7826916542411169,-0.754974222668607,-0.8595078042471503,-1.0661387626476673,0
-1.5326949217387238,-0.9066766045084887,-1.3654495774533837,-1.2323719559063857,-0.5439570174695846,-0.503874162693458,-0.740836145676494,-0.7754365943828267,-0.7062692134828311,1.7877820905974038,-0.5317897041763524,2.342337239132706,-0.6746574445656791,-0.5002544750971933,0.7620341101793483,-0.14173070270918242,-0.23201823190985343,0.10921098432100212,1.464693570576599,0.7921541635270157,-1.4183420573015786,-0.9822600302278884,-1.431475400541414,-1.0724082362315055,-0.9753055020894374,-0.7059077312804513,-0.9356939793154292,-0.7962020254623906,-0.9387093651810684,-0.06731627408599339,0
-0.2886712954508147,1.0370412464041838,-0.17321851419212136,-0.4915662354704474,1.5030948664563126,2.333887125810245,1.7498873422279555,0.8886166531142556,1.1540750127566932,4.66723752228628,-0.3514878497984453,-0.3514075807333041,-0.5831572920793657,-0.3852866932101703,0.15754146968597857,1.8796919858661527,1.2289210072003047,0.40903505206123775,-0.6099772738504631,1.4210110689903186,-0.1632837493303533,0.8432410613540061,0.07257746532079111,-0.23093266612688107,2.427748926430756,2.831097599409845,1.9451787467548447,1.6155483719171362,0.27355942462380345,3.579714619570185,1
0.08873550723233302,0.6255124669645391,0.09880935353852902,0.22025514147317543,-1.5429524662073006,-1.2695982336021772,-0.8149707942135371,-0.8017233268041838,-2.3513971468828814,-0.6780968600028588,-0.5595561897505501,0.7434927363589373,-0.6870223300368025,-0.3762739225459869,0.18451882719560012,-0.920257639839495,-0.6991212539382713,-1.0109965595819763,-0.7793381591098151,-0.5815807231070627,-0.2605269746429937,0.7846688338166191,-0.2881095298167224,0.014256207984172127,-1.102317829537424,-1.131619531908728,-1.0688040848077114,-1.169990628651787,-2.0976383282345266,-0.7522073042139257,0
0.060359055902773136,-0.4486473980135172,0.01485521584253378,0.01111321195999918,0.3725590917282208,-0.4915665304953701,-0.6261845910862107,0.18583313043738653,-0.3196094331271652,-0.5392937944320224,-0.4192813470445383,-0.006985295555280874,-0.643992528597293,-0.2806506240357477,-0.653111470788325,-0.9051248898780612,-0.3963324864673678,-0.255439908876582,-1.010394795427931,-0.7875464763988295,-0.2688029938185374,0.09156414129087274,-0.22620945144328777,-0.16260997842688132,-0.13439629967518127,-0.6881114780442736,-0.2870638217635515,-0.08985262187738181,-0.7350482084938499,-0.7261847670950795,0
1.6097132984967482,0.06285729959508077,1.610395371957105,1.824623801841916,-0.6762083722490972,0.12798073953759964,2.6530505731360963,2.0354397832616957,-1.599963988833191,-0.7276693834210141,2.114320310673813,-0.3205908499542176,2.2113068243945304,2.036950378707816,-0.5395401262107831,0.8600461766566054,3.707217253863138,2.712008026433536,-1.2402417111370516,0.87605214009724,1.9512391500211008,-0.0987955982056347,2.170633006343455,1.8484305721258112,-1.2556085695608563,0.25572552394585935,1.8426019999944971,1.4710228639684482,-2.0249022008462343,-0.08890944318461058,1
-0.9271414503659142,-0.07896900292366676,-0.958025085693408,-0.8748983861678314,0.4294413948591946,-0.5548088251747748,-0.3702883423289042,-0.7409030439469263,0.5303125368999123,0.0697400647053195,-0.2559278669781544,-0.04867851955051546,-0.5119355517656947,-0.4479364405099821,1.1154041881757475,-0.724704538861848,-0.5215558498196671,-0.07230412695957297,-0.6099772738504631,-0.6873979908532916,-0.7095010149162476,-0.06625547179597538,-0.813367406398992,-0.6557979143178823,0.9298794096303614,-0.5165047504097041,-0.8023442085269777,-0.2069943493726341,0.4044844539227296,-0.2422763108850447,0
0.5682975347018965,-0.20684517732581648,0.6761998201438278,1.1966296928417537,-0.9549316575908654,-0.1872839929211089,0.02032975503886657,0.4440616195177763,0.4135850560378242,-0.8253980724453787,-0.42973885459845695,-1.4202043141067895,-0.37493262074564704,-0.30527087560620014,-1.1353733679973603,-0.7207957104585256,-0.4887592546559697,-0.8228366986920228,-0.7128035256150697,-0.5944299627619619,0.8277695469410228,-0.6617397850927432,1.23320393482269,0.7331373410332699,-0.8658121163584144,-0.3251950281207948,0.23253054033091733,-0.2260108635764089,0.532176766448843,-0.34913481437307303,1
-0.11273729720754257,-1.127553633021293,-0.3818692387601092,-0.5509557236066618,-0.5532003917283671,-1.2913732751834095,-1.050859468619476,-0.7025037975667087,-1.599963988833191,-1.7361161455274972,-0.4192813470445383,-0.19732392683787245,-0.5559545440428941,-0.4824487574435626,-0.6834193662620972,-1.2135314509002042,-1.0565710133486703,-0.4423032332573884,-0.9535379268051486,-1.096003811879087,-0.3763912431006077,-0.7837652591289661,-0.42976547840208257,-0.4936852131685255,-0.375281748283432,-1.2835232648889583,-1.2958390198686387,-0.785704909621907,-1.310471794054563,-1.6004312800878089,0
-0.7966097742499381,-0.4114470563692555,-0.739908943640088,-0.6421711575383596,0.8916101077983511,1.5253703644897136,1.01481282373883,-0.13321564150026072,1.40212090958863,3.0738349838455594,-0.12214389102974715,2.6569992215119307e-4,0.2863414542500341,-0.4206783048426955,0.485599459154832,3.3544371020339603,1.0400921259547742,0.1481070795954112,0.08440235571288007,0.8752963024704811,-0.297769060932941,-0.17201088262736833,-0.611894555154688,-0.582206124738705,1.3897516297006582,2.57241634701255,2.0630940724700104,-0.3340246642538495,1.0122352072115726,2.2841244736531583,1
-0.41352768130087847,-0.041768661279405046,-0.6773548802587579,-0.5228238608052971,0.5289854253383975,0.08632413825176413,-0.27959570122521177,0.01187681294311204,1.1577227465336342,0.8246587784732345,1.0256577139400098,2.6233133138831994,1.575257115759941,1.1020402900548352,0.03597683399447457,-0.2696052319035888,-0.44966836345075456,-0.200337107237836,1.0013705773313717,1.1674275452127487,-0.4694964588254759,0.9750285733131272,-0.43988376044389366,-0.5073848780543865,1.0218538536444215,0.07839857205680416,0.04031897280335105,-0.16896132096508487,0.5160131825847781,0.8783537982329306,0
-0.27732071491899046,-0.23242041220624624,-0.1855647109121211,-0.1573938046178723,1.197352487127332,1.1675022898068552,1.0085408568575234,1.1040647737442013,1.1248931425411717,-0.48972127101386725,-0.25484605585188685,-0.55407290432753,-0.1098294762447606,-0.3334083059724313,0.485599459154832,2.500078893879192,0.5941909432240999,0.26965737732793904,-0.2240763995809397,-0.17342840465732282,-0.014315404170564207,-0.05486642755259452,-0.16847572449883438,-0.3616063927304796,1.9459780292142561,2.57241634701255,1.7174967153942609,0.9598589621709834,0.6663345125205818,0.30751899462589855,1
0.4604670196495689,0.6394625950811369,0.5403916562238356,0.11028513234056804,-0.4749872249232797,0.42336391229170506,0.07238708015371079,-0.470046614781767,-0.33055263445798577,-0.2546058742306139,-0.8509239864252481,-1.307451334432721,-0.7557710932562488,-0.5110258351592661,-0.8292969290919021,-0.40641422601987537,0.06613263321466878,-0.06420077377740449,-1.101123841102584,-0.6503619471421115,0.3022423292939884,0.24938375437772145,0.1350727367555086,0.3888893515936824,-0.03804212023188074,0.6072015253603669,0.3437352377533498,0.5460596130968451,0.011709366025951197,0.03898855839950655,0
-0.07301026534615894,-1.9692113627227128,0.09387087485052913,0.0841423911514209,0.13863062010209343,-0.302597039207808,-0.7661748918769724,-0.5004567562103958,-0.29042756291164346,0.0867363584486865,-0.577225771479585,-1.020674463300283,-0.5119355517656947,-0.4125448288774568,0.34638297225332865,-0.4583458033783025,-0.4884279759169425,-0.7281895335242944,-0.2652069002867819,0.32353483493657337,-0.25225095546744963,-2.1455695493732136,-0.4732145718757432,-0.3073346433749528,-0.3271046585617818,-0.6518833910991978,-0.5324810850406438,-0.4993922717698745,-0.6768593065832161,-0.1348641363944879,0
-0.2432689733235187,0.2256087942887263,-0.3818692387601092,-0.3219225779713084,1.2186833508014474,0.5540141617790976,0.29353663238857897,-0.3996909485951937,0.2859143738449155,0.25669929588236434,0.32608651895373,-0.13569046527970027,0.26309546956432217,0.61183349539315,-0.5318798888932361,0.2820979770224972,-0.07366699465482952,-0.31135304583354484,-0.3293220925635369,0.2978363556267752,-0.07017853360548512,0.4934347024501673,-0.18037958572449464,-0.129414636588064,1.6437762845966315,1.0489299539012036,1.6580597219443405,0.25244463379056353,2.1291388522184613,1.1546356284947243,1
-0.2886712954508147,-0.9880523518553116,-0.16828003550412207,-0.23212794519119465,-1.6360972375842695,-1.0151142693832558,-0.6137660966612237,-0.6731245083898978,-0.8448830970065603,-1.3338705269344624,-0.6662948875422711,-1.155180429406648,-0.7063115513717552,-0.5002544750971933,-1.2332911841433938,-0.4427104897650127,-0.1945837343997745,-0.952814483734006,-0.6958674370891345,-0.6915550978004648,-0.4425993965049582,-0.9822600302278884,-0.1744276551116643,-0.574302471919939,-1.915196725204539,-0.4218032599743303,-0.45674685145122856,-0.747976145441618,-0.6073558959677369,-0.900037461889074,1
0.31007182760290114,0.1326079401780716,0.8819697654771489,0.87751775419597,0.0817483169711206,1.1391000616574218,1.108892326958428,1.182151831819409,0.8148357715012504,-0.13704817583898682,0.12198481979793913,0.16703859590308834,0.29672795804577795,0.09678662548627628,-0.8632684163262404,1.2196583897622728,0.6137363888267076,1.0265105645424804,0.1884383280864824,-0.45724543350524377,0.8401835757043383,0.6821674356261921,1.277843414418917,1.0615780248353253,-0.13001656424594085,1.6946797141853622,1.751529187450264,1.3767009535177257,1.151242028442531,-0.1077342572705841,1
1.0790736586339764,1.0509913745207815,0.9148929567304802,0.7095790580787319,-0.8262354467570391,0.057921910102330894,0.26970315823961416,0.9386129873274248,0.08164128233626204,0.06124191783363502,-0.515201933573585,-0.11031198110868803,-0.23644590346906463,-0.25075460427162705,-0.08392253271495412,0.7366388799231389,0.6266562596487703,0.26155402414577056,-0.33416097499951825,1.028731340702513,1.0884641509706543,0.9050673015323588,1.1707086633879726,0.3888893515936824,0.8685631136209893,1.1105812597551046,1.8426019999944971,1.50297060783079,0.7907941082738827,2.2841244736531583,1
-1.4467142742101573,-0.8346009425727322,-1.3111263118853869,-1.1951469657348823,-0.26736681849522714,-0.35693996906705683,-0.7893811693378066,-0.9303221452184696,-0.6333145379440261,1.6843879703252511,-0.9255689541377018,0.20873181989832293,-0.9175037952185434,-0.6887312938159955,0.2534609630535215,0.29940850280863945,-0.1548302857165049,-0.7967439014454402,-0.17568757522112471,0.4864178435030899,-1.4096522371672575,-0.850472518268768,-1.28714108318028,-1.091377002996544,-0.13001656424594085,-0.7008230874986863,-0.6446444436477524,-1.574509918794483,-1.089030695116873,0.3495979908180761,0
-0.05314674941546688,-0.08129402427643266,0.4128142901171768,0.12477730408672538,1.382219972302995,0.7433623494419859,0.3524931210728605,0.8708344517703965,2.649645861302195,0.7892498331745519,0.9344249756247888,0.9537716052044672,0.48962017139530334,0.4021217096948327,-0.16452155144740338,0.07046283918546611,-0.08228024186953793,0.3960696869697681,1.8046250617042985,0.1651868521306094,0.29810431970621654,0.5210938098983775,0.822520722537403,0.04569518252993034,0.6977534318805928,0.40000229125344194,0.4822617789390525,1.2443460146594534,3.2024008207923758,0.03898855839950655,1
-0.983894353025034,-2.2272887328797784,-1.0074098725734053,-0.80186920697641,1.261345078149677,0.3400507097200343,-0.532481405879491,0.09769526290695411,0.65798321909282,0.5243909223404059,-0.5317897041763524,-0.7076127335621539,-0.5035274296453307,-0.49519853057826113,1.1087431122474465,0.10229187046966344,-0.4738517113997435,0.9535803859029636,-0.8192589392066624,-0.17229464821718465,-0.7260530532673354,-2.1455695493732136,-0.9484762313102388,-0.8391626597132543,0.907980732484158,0.3993667107807214,-0.703122775912997,0.02120382107266266,-0.4618836411911521,-0.024129935888758988,0
-0.07868555561207081,-1.0136275867357414,0.06835540162919714,-0.33101570534144664,0.16920485803499152,0.3078615178173432,0.02032975503886657,0.4811723005832215,-0.10074540651075034,0.18163233184915667,1.017724432347382,0.30843300771301363,1.2300295134061745,0.7417492871622333,0.25379401684993663,0.28321478513773213,-0.2787285341126952,-0.5032404491872956,1.0013705773313717,0.1549830441693662,0.1139628930503657,-0.6959069178228858,-0.03753325101656865,0.35727474031861817,0.19408385751788795,-0.28070439503035083,-0.08526564238922353,-0.4193707800003904,-0.3519712709155108,-0.2494740339179173,0
0.08306021696642114,0.011706829834221218,0.3132216365758493,0.42115642430716416,-0.9051596423512644,-0.7956597198819684,-0.7428431750785122,-0.5782861012226489,-0.4618710504278343,-1.4514282253260886,-0.7156975956418177,0.2467995461548411,-0.7453845894605051,-0.5516932149854598,-0.19416333932834537,-0.7771945202778927,-0.6235897014400591,0.18052049232408512,-0.40795393214823583,-0.797750284360073,-0.1529387253609237,0.9424884469034672,0.1975680081902265,-0.2583319958986034,-0.43221830886356377,-0.45803134691940617,-0.669090303856994,0.2098476419741077,-0.0788067036128125,-1.036794199513649,1
-1.026459030019374,-1.529782327049872,-1.3485764419360513,-1.0411321209031683,-1.3616401249773238,-1.02590711608004,-1.0510978033609657,-1.153321258592982,-1.3044975529010312,-0.9741156426998464,-0.515201933573585,-0.7601824507735364,-0.4852273991480681,-0.5314694369097311,-0.9511946185798212,-0.5415480079633095,-0.2787285341126952,-0.960107501597958,-0.7575631881478985,-0.465181728586211,-1.086059887403493,-1.6281815394596286,-1.0309104702979377,-0.9032700659099124,-1.9436650054946047,-0.8457354352789894,-1.113621495191321,-1.319992892691162,-1.1116597125265637,-0.9448848130938944,0
-0.3482618432428904,-1.1368537184323582,-0.4662349163467707,-0.33414146787493165,-1.1853049852713071,-1.249716673897574,-1.1138927357766064,-1.260710291926114,-0.9762015129764088,-1.3777776191048288,-0.9266507652639692,-1.4841943491951275,-0.8220468793814705,-0.6288513248178595,-1.2526083043354683,-1.100677990855708,-1.0565710133486703,-1.9117652993118304,-1.2595972408809777,-0.7841452070784152,-0.2688029938185374,-1.2230569656593686,-0.22620945144328777,-0.3870737184798368,-0.3665222774249499,-0.7605676519344253,-1.0399004500897255,-1.257618726102781,-0.6849410985152486,-0.6713713378447442,0
-0.4731182290929542,-0.2486955616756108,-0.46705799612810384,-0.5364635518605041,0.23604156421388572,0.18478519583646583,-0.06145669309337057,0.22835578582487584,3.1603285900738274,0.17313418497747218,-0.029108134170747084,-0.10124823676189774,-0.5915654141997296,-0.2621854353579085,-0.5182246832402178,0.2753971283310871,0.0949538835100391,-0.41718283839266607,1.5953433963480996,0.8155851299565376,-0.4819104875887918,0.23148668485240884,-0.47023860656932825,-0.2974989865338217,-0.0424218556611224,-0.2114261235038024,0.22965455677688892,0.4243539221926868,3.1716900114506514,0.7449190866235276,0
0.818010306402025,0.8835898371216044,1.4869334047571123,0.3023774480347351,3.0886890662321917,3.452934914897914,2.288022100644056,2.6075627830206427,1.2708024936187814,2.637596777765789,2.1593957742682903,-0.964116698576313,2.4071666102571254,1.4434264569201252,1.6682734902247798,1.8796919858661527,1.8851841892132808,1.6342620532051204,0.8695110309508766,1.3091471002300192,1.6595094740831795,0.21521662164757888,1.4296176450460891,1.245996590606533,3.951896855806595,2.8902065833728634,2.7226529675271958,2.070423391671428,3.006821456037189,2.129096592945137,1
-1.4549434450957297,-1.4135312594115543,-1.3230609687147197,-1.2320877956760683,-0.6001282918114206,-1.301976773692531,-1.1016787074719503,-1.1712323164683185,-1.1841223382620032,-0.5577064459873372,-0.8080121450833061,0.9628353495512572,-0.8319387877583693,-0.6299504431915405,-0.27642762704286994,-1.1093332537487794,-0.8640318102260347,-0.960107501597958,-0.6136064356774492,-0.6246634678323131,-1.4096522371672575,-1.3857575977076655,-1.3213646842040545,-1.0451845431890892,-1.6708074882528956,-1.3979277499786713,-1.304682669297276,-1.743528697037633,-2.0976383282345266,-1.2787484276186665,0
0.07738492670050927,-0.6090738713543952,-0.13535684425079025,-0.2520191613133717,-0.9008934696164412,-0.960581991336344,-0.8571184116559171,-0.7754365943828267,1.6027462673203436,-0.8650560911799037,0.8327347297556492,0.2286720574612609,0.3783362021551924,0.1928495713459876,-0.770346407126433,-0.6744481736762734,-0.7452352544108641,-0.328856288707029,1.3328340241961034,-0.8192916567226982,-0.25225095546744963,-1.3580984902594555,-0.4541683939146864,-0.4831470094101708,-1.9436650054946047,-1.0212827618444271,-1.0730221940202864,-1.2469694781486669,-0.09497028747687748,-1.400556048174968,0
-0.7171557105271703,0.12330785476700636,-0.8123399643974165,-0.763223415653323,0.07534905786888663,-0.4870221739914609,-0.6915384859894247,-0.8017233268041838,0.7965971026165501,0.09381814750842422,-0.18488893635325893,1.053472793019158,-0.1845133844903463,-0.288124628976778,1.7015788698662877,-0.5119525929095821,-0.4940597144804056,-0.5393814043797674,2.957488802076888,0.289144222919049,-1.032265762762458,0.23148668485240884,-0.8895521182432192,-0.7717181556597842,0.3386151266828381,-0.677306610008023,-1.0399004500897255,-0.8701382326866668,0.5548057838585342,-0.09887552123012616,0
-0.030445588351818875,-1.529782327049872,-0.1863877906934542,-0.1770008605097325,0.8276175167760065,-0.3461471223702722,-0.2555113484009946,-0.2857817747693132,0.4281759911455846,0.2609483693182066,-0.2678277893670961,-1.1189254520194876,-0.3704812619760426,-0.3331884822976952,0.12490219763730076,-0.736989428129433,-0.4387361650628554,0.2631746947822042,-0.6269133623763982,-0.08764083402020148,-0.3308731376351164,-1.611911476254799,-0.14764396735392843,-0.24814506559886057,0.39117195183372944,-0.2711706879395414,-0.39203722148558895,0.28743501992550896,0.4578242806741444,-0.1215760323338002,0
-0.4646052936940864,-1.613483095749461,-0.4217886081547734,-0.45036300207450913,0.6356397437089724,-0.857197880872407,-0.5087733710681523,-0.6215818957990017,-0.12263180917239144,-0.5860336022262842,-0.4477690400362475,-0.24264264857182305,-0.5119355517656947,-0.3454986080829213,-0.1072362984640096,-0.749274317397018,-0.7037591562846528,-1.0109965595819763,-0.6087675532414677,-0.912259684814028,0.006374643768295714,-1.1937708518906751,-0.2878119332860807,-0.4799855482826644,0.9298794096303614,-0.437692771792346,-0.8548309083879966,0.05771552834391014,0.33013196814803086,-0.7522073042139257,1
-0.7398568715908184,-0.2486955616756108,-0.7448474223280872,-0.7492995643677991,0.6071985921434849,-0.23026603152058467,0.11528733362184736,0.09769526290695411,1.496961987789077,0.912472962813967,0.05491252996935762,-0.1175629765861201,-0.15088089600889049,-0.2575691381884487,0.461286532016531,-0.26513799944264904,-0.11971473937961678,0.26155402414577056,0.16787307773356108,0.13192999655322338,-0.5812227176953177,-0.35423559052146136,-0.5482088975974043,-0.5741268351906331,0.44372877698461954,0.004671237221211272,0.34709055189971644,-0.1963451014185204,1.2740852658094248,0.622557795064697,1
0.0802225718334652,-0.9183017112723209,0.19593276773585647,0.046917400979918,0.2509731687857663,-0.4493418846465461,-0.9455531446823392,-0.5922026066221908,-0.2503024913653001,-0.24894044298282492,-0.6680979060860501,-1.1666007472836033,-0.4417030022897136,-0.44749679316050966,-0.82063753038511,-0.6923171035200334,-0.4470181335385366,-0.8849083840674338,-0.4587621977260415,-0.6873979908532916,-0.032936447315537846,-1.2946452437606195,0.07555343062720607,-0.24568615138857763,-0.375281748283432,-0.4675650540102156,-0.6360164929856671,-0.4335190665679988,-0.13214653036422727,-0.8214161795300062,0
-0.2631324892542108,-0.6741744692318534,-0.2542918726534498,-0.38330118771974064,0.5503162890125122,0.7547232407017589,0.29353663238857897,0.7303808324602042,-1.114815396500138,2.208440360745754,-0.7975546375293876,-0.5364892402947572,-0.7063115513717552,-0.46442321611519566,-0.1255542572668391,0.7533910016516635,0.06679519069272324,-0.2376125318758111,-0.6136064356774492,3.2255734028769005,-0.3184591088718005,-1.0017841060736845,-0.1744276551116643,-0.4496003941127415,0.8641833781917488,1.0819801384826762,1.2621326526730936,1.0937352221655576,-0.8126334110413618,6.840836824463898,1
1.717543813549076,0.5557618263815483,1.6638955577437688,1.8899806548147835,-0.39464097175077967,-0.4228331383737418,0.3524931210728605,1.0661809534898927,1.1577227465336342,-0.5605391616112317,1.4818214055161154,1.4468392976698474,2.1618472825100365,2.188628714275781,-0.30606941492381223,0.019648069942273923,0.060169615912178114,-0.16468235323629446,-0.7321590553589956,0.8273006131712985,2.154001619821925,1.795039758836545,2.831297304367613,2.5983994062620552,0.5094248084232333,0.4400438610348417,0.2775876160106961,0.9781148158066072,0.3786227197402258,0.7681732687297308,1
-1.009433159221638,-0.6206989781182272,-0.9757213009920734,-0.8334109925415764,-0.5432459886804477,-0.987280085796811,-0.8652719686016156,-0.8558430700246247,-0.5275302584127596,0.052743770961952506,-0.5855196567809687,0.15797485155629845,-0.6533898415553469,-0.4791514023225199,-0.5318798888932361,-0.6621632844086885,-0.525531194687994,-0.03016669041229663,0.0033510749101905405,-0.30607790815348834,-0.8750213984271248,-0.5218172415312077,-0.9151454198783894,-0.6868856154050287,-0.6687240220425735,-0.8908616488421542,-0.9860236915109266,-0.683472129262414,0.21213780594035708,-0.06731627408599339,0
-1.5326949217387238,-0.6090738713543952,-1.4868538452000428,-1.0692639837045332,-1.2322328853543598,-0.9596352503980294,-1.023915098897383,-1.260710291926114,-0.5202347908588788,0.4167477286324109,-0.6677373023772943,0.28849277015007524,-0.4600030327869764,-0.5925804184863895,-0.06993427326552065,-0.4583458033783025,-0.349622184264526,-0.5059955892692332,0.031174648917083797,-0.0887745904603398,-1.1791651031283612,-0.4453479444685076,-1.3070800507332616,-0.903621339368524,-0.900849999792342,-0.8330238258245769,-1.0561018241107525,-1.3813021344841316,-0.841727861996679,-0.22566618080918568,0
1.121638335628316,1.1439922286314363,1.6145107708637711,1.441007490914215,0.1748930883480896,-0.061367448125288576,-0.29790984451862684,-0.5295783323242521,-1.041860720961333,-0.040735844626570886,-0.6518707391920386,-0.4592661384601058,-0.4313164984939699,-0.3802307486912381,-1.1983205355198103,-0.45387857091736256,-0.7802182892521413,-1.0732303120210305,-1.159190430334362,-0.6114363093640344,1.5353691864500223,1.054751883016792,1.6111515287374116,1.5797063762877657,0.3999314226922103,0.6942760501230929,-0.39922718037066,-0.06246884142394625,-0.5249216182610057,0.43763168022013016,1
0.8293608869338488,0.16050819641126807,0.6391612299838298,0.983509520104142,-0.0355714332365115,2.500513530953586,1.108892326958428,1.0272662809837665,1.1540750127566932,1.4237781329269452,-0.016126400655537797,-0.2698338816121931,0.715155682388595,-0.21470352161489328,-0.8702625460509571,3.3544371020339603,1.073551278596526,0.14324506768610998,0.2489243585362506,0.967508492935052,0.9539788393680664,-0.04347738330921367,1.1647567327751427,1.173985531591109,-1.0497610043865333,2.245727984034147,0.5704586079292574,0.7012343689996472,0.38993722844507095,1.2598331189751666,0
-0.3482618432428904,-0.49049778236331154,-0.5259082004934339,-0.5498190826853946,0.9413821230379532,-0.4915665304953701,-0.8130892041491452,-0.8445036952546277,-0.899599103660664,-0.2588549476664552,-0.6100407089763641,-0.8836306487768171,-0.7107629101413595,-0.5002544750971933,-0.3030719307560764,-0.4293087923821928,-0.7024340413285439,-1.2529626856015286,-0.40795393214823583,-0.912259684814028,-0.5729466985197741,-0.274512280817796,-0.6749850196506888,-0.5741268351906331,1.4729666028562365,-0.05062426390548348,-0.6518344025328235,-0.34604310123063514,0.33659740169365704,-0.6503318397486555,0
0.13697547449258496,-1.948286170547816,-0.09790671420012594,-0.29492735609121096,0.7849557894277763,0.4744879229606845,0.7965483762693627,0.308762261466674,0.7965971026165501,0.8883948800108642,-0.6662948875422711,0.027456932962521243,-0.44961652899123256,-0.4424408486415775,-0.12955090282382,0.3128102001914594,-0.04053912075210482,-0.3991933943282519,-0.12487930964331909,0.1670764461975066,-0.4922555115582214,-1.7664770767006812,-0.5422569669845739,-0.4919288458754663,-0.16067471225062632,-0.07414074139614661,-0.05554714566426322,-0.255220229393407,-0.3552039876883234,0.03400551937674838,0
1.995633036578764,0.3930103316879036,1.886127098703756,2.1286752482809086,-0.4643217930862224,1.8188600553671896,3.1109041554714727,1.715875585198139,0.4537101275841665,-0.5548737303634427,0.6877720388358118,0.9537716052044672,0.9476155292457156,1.2185468376650117,-1.0267978303660446,1.6317605842839846,0.9145374838634476,1.4268162117416061,-0.39948588788526856,-0.019993366425290923,1.7774427473346797,0.5438718983851392,2.075402116538171,1.5445790304265834,-0.6074077260332007,1.231341549572024,2.7226529675271958,2.0719447128077304,-0.25822248450393354,-0.1215760323338002,1
-0.12692552287232275,-1.0531529497327694,-0.02424107377079733,-0.038898988575760095,0.04477481993598855,-0.3864782863424672,-0.7048350557777945,-0.6458069237167229,-0.3196094331271652,0.04849469752611027,-0.3410303422445266,-0.8181904145929929,-0.29035680412316284,-0.3687999176049567,-0.42796710441173136,0.097266233951106,-0.7559355576814442,-0.5176644178515557,-0.21076947288199036,0.2162058919368271,0.1015488642870502,-0.9822600302278884,0.19459204288381116,-0.1422361178273955,-0.033662384802640305,0.25890342630946245,-0.06944773284206734,0.3969701417392512,-0.09012121231765852,0.4797106764123069,1
-0.3056971662485504,-0.6090738713543952,-0.152229979768123,-0.39353095601114607,-0.01850674229721925,1.178863181066628,1.6395007251169609,0.42885654880346175,0.9972224603482628,2.127707965464757,-0.557753171206771,-1.1791087144821737,-0.24930538435903293,-0.43013072285635134,-0.18950058617853421,1.343624090553357,1.1268871555799127,1.0880960487269609,0.633615512196779,2.8363170250961294,-0.5046695403215372,-1.3857575977076655,-0.45297800779212016,-0.5558606153428183,-0.2570288916939269,0.6891914063413281,0.9174939567820208,0.6312535967297559,0.33659740169365704,2.2398307934508663,0
-0.04179616888364263,0.4929862498568568,0.1469595207465262,-0.1875147890314548,-1.1319778260860198,0.4006421297721584,0.7915308027643176,-0.35149860582270587,0.20201649697529,0.2411193599509441,-0.8732814163681085,-0.919523076390106,-0.5787059333097613,-0.5681799905906734,-1.1820008994954716,1.5524672081023003,0.2261402641648288,-0.2197851548750405,0.4799809948543669,0.1432675609546049,-0.05362649525439704,0.40720336746456953,0.1797122163517355,-0.2583319958986034,-0.8920905289338601,1.8167111649477228,0.764587497826176,0.24635934924535544,1.0477950917125152,0.6474729901784864,1
0.4462787939847887,-0.17894492109261995,0.865508169850483,0.20064808558131525,-0.2993631140064,1.773416490328097,2.103626274333644,0.32216334074030695,-0.2393592900344796,1.583826565676992,-0.5159231409910965,-1.042608724619515,-0.3576217810860744,-0.4147430656248186,-0.5052355851800296,1.9171050577265256,2.1644521662132497,0.5905501633418131,0.1291620182457091,1.3790620807052063,0.03740971567658486,-0.2094320279984768,0.6707464919102318,0.2255471933391842,0.36051380382904274,2.606102112066743,2.3991048176989977,1.0328823767134785,0.5095477490391519,3.1312411075219844,1
-1.2063657314487843,0.1326079401780716,-1.0473292419680695,-0.9243422662429572,-1.3616401249773238,-1.258237342342404,-0.9455531446823392,-1.1120356259076742,-0.14816594561097338,-0.3778290038700291,-0.9764140770722716,-0.8504573444675655,-0.8764523754544136,-0.6975462231729164,-1.003151010820574,-0.8335933300972598,-0.4957161081755418,-1.30206900588547,-0.8083714537257038,-0.7561792148883403,-0.9536435805947912,-0.4144348243793316,-1.1442947484723542,-0.9366410444780356,-1.378241161579602,-0.9804784954957626,-1.1193734622993778,-1.3631984129621382,-0.5556324276027294,-0.666388298821986,0
0.38952589132566895,0.15585815370573547,0.8819697654771489,0.732596036734394,-0.5482231902044069,-0.5970334710235988,-0.3785673386122288,0.7865622801842811,-1.3044975529010312,-0.8268144302573265,1.8885823889926736,0.3138712543210875,1.1622699410244184,1.6456642376774129,0.5608696171446401,-0.4281919842669578,-0.3940135352941771,0.5322060204301995,-0.11157238294437012,-0.16775962245663203,0.525694847033672,-0.01419126954052022,1.0129825021479717,0.2624309064934257,-0.8088755557782826,-0.7510339448436159,-0.5224151426015442,0.10639780470557338,-1.1795467647556368,-0.7942863004061032,1
1.8111861029366243,-1.0136275867357414,1.7585497325970958,2.077526406823882,1.7875063821111787,2.25814785074509,1.7950455037733626,2.656528264981993,3.1603285900738274,-0.3268401226399261,0.5965393005205908,-1.0810390006499049,0.4886309805576136,1.1893102889250993,-0.4023219620877703,0.642268594185782,0.8443063911896713,2.1836693989561478,1.0848412993520526,0.033671105074582194,1.322261692679768,-1.4915130085390589,0.9713189878581594,0.9772723947684876,-0.09935841624125416,0.8652471972849421,1.4787900804099017,1.725083493730879,1.7056529549799593,-0.3978578625955941,1
0.2589942152096928,-0.2486955616756108,0.2235059404105216,0.16455973633107956,-1.2962254763767045,-0.6606544620783292,-0.4317536177657082,0.4440616195177763,-1.424872767540059,-1.1596585160649433,-0.6915371471551781,-1.1666007472836033,-0.6588303911626411,-0.4404624355689519,-0.5325459964860664,-0.40641422601987537,-0.6603616414720835,-0.8693499459576701,-0.7575631881478985,-0.6892875849201885,-0.032936447315537846,-0.13947075621770902,0.06662553470796077,0.7278682391540925,-0.11249762252897667,-0.06270029288717532,-0.06034045158764394,0.3969701417392512,-0.010919651383739952,-0.5523320723010858,0
1.4962074931785077,0.5371616555594179,1.2070862791037955,1.3557594218191704,-1.093582271472613,-1.0185225367611876,-0.8034303751519333,-0.7762097335716901,-0.11898407539545158,-1.561904134657979,-0.4365903250648173,-1.370716269973316,-0.5144085288599194,-0.30571052295567247,-1.2526083043354683,-1.1491474630569067,-0.8146712781109751,-1.1286572477870631,-1.2099986959121671,-1.0750671096178686,1.645026440525978,0.43648948123326303,1.637935216495148,1.637666496958717,-0.6117874614624411,-0.4205320990288892,-0.3671120306840093,-0.4923941945428856,0.5984474602915093,-0.8673708727398843,0
0.02063202404138901,3.317887193467979,-0.14811458086145624,-0.1960395959409593,-0.01850674229721925,0.8569712620397187,1.9179760546469704,0.4394227843845957,-0.3816209073351496,1.7877820905974038,-0.5307078930500849,0.0872776456513356,-0.5787059333097613,-0.4461778511120926,0.31840645335446227,1.9556349377021325,2.0813012027174107,0.45927584179068287,0.3396534042109036,1.1198097747269458,-0.16535275412423922,3.12267691635065,-0.05836500816147463,-0.2823942278135134,1.25397983139419,1.6946797141853622,1.2789092234049264,0.4106620319659692,0.5774348012682244,2.776891665903651,1
3.7719988898092183,2.63433091575467,3.972634344383631,5.240229770250038,0.13863062010209343,2.9019316887989093,4.234840620601603,2.764767751422876,0.26767570496021426,0.18163233184915667,2.1593957742682903,-0.5912342561493692,2.2113068243945304,4.039544055554431,-0.6757591289445506,1.60160676517264,2.908835492807473,2.065360442496486,-0.9148268673172968,0.04916577642313706,3.4864407070844847,1.7332135186581916,3.6318319717932823,4.481225144421432,0.9298794096303614,3.901415115471383,3.300725661886909,2.6728665616470115,0.5160131825847781,1.0881951081912866,1
1.82821197373436,1.499720495604688,1.886127098703756,1.6825436866835082,-1.9965888336768125,-0.17516570891068434,0.3324228270526796,-0.08476558566481833,-0.8157012267910385,-1.433015573770774,-0.21337662934496837,-0.4251864597161752,-0.28936761328547284,0.1805394455607614,-0.9715109001611412,-0.13279623778730246,0.2261402641648288,0.1529690915047121,0.05778850231498214,-0.7818776941981387,1.440194965931268,1.3915421913567674,1.6051995981245808,1.353134995483139,-1.420286621700315,0.5709734384152911,1.076152382845922,0.7118836169537608,0.2525467656005196,-0.8192014955198917,1
-1.026459030019374,-1.0020024799719094,-1.0749024146427346,-0.8274436277049233,-0.8987603832490294,-0.302597039207808,-0.057442634289334375,-0.8017233268041838,-0.5275302584127596,-0.3027620398368224,-0.7701487556639457,-0.344156585255872,-0.5381491089644764,-0.568839461614882,-0.5128958224975767,0.6579039077990719,0.6624343634637128,0.6310669292526556,1.0727440932620986,0.1651868521306094,-1.1233019736934402,-1.0880154410592822,-0.8627684304854834,-0.8857063929793211,-0.997204179235642,-0.02774336688754073,-0.07328237758077176,-0.24335392453025148,0.477220581311022,-0.20075098569539637,0
-0.07301026534615894,0.59296216802581,-0.2415341360427844,-0.23468538726404625,-0.6349687024791419,-0.3393305876144082,-0.3785673386122288,-0.3030485499872635,-0.6734396094903684,-0.12996638677925107,0.04084898532788081,0.4045086977889884,-0.28541084993471333,-0.17117843401712934,1.0421323529644302,-0.2696052319035888,-0.3098687355812564,0.06707354777372576,-0.3172248864735833,0.37379803711603216,-0.19018081165087097,0.5585149552694859,-0.12978817551543742,-0.3192779409677549,-0.11249762252897667,-0.4472264788831554,-0.3762193119384326,-0.31485601793644463,-0.7334318501074436,-0.11493198030345676,0
0.27034479574151704,-0.4253971844858533,0.8161233829704858,0.4626438179334193,0.12796518826503617,0.1260872576609707,-0.4384019026598931,-0.1723880270693418,0.4792442640227485,0.04141290846637254,-0.027665719335723787,1.1495484830951326,0.17110072165916385,0.07942055518211794,-0.5128958224975767,0.05371071745694134,-0.3612169401304796,-0.18250973023706507,-0.6849799516081759,-0.6462048401949382,-0.13224867742206378,-0.1264547056538455,0.14102466736833894,-0.3854929879160836,-0.8658121163584144,-0.38112610972021016,-0.6465617660171047,-0.34056634513994805,-1.1391378050954744,-0.8922860678536728,1
-0.38798887510427454,0.16050819641126807,-0.3851615578854423,-0.3994983208477992,-0.8774295195749149,-0.7307132915135978,-0.14286682321272928,0.29123777318576927,-0.6333145379440261,-1.1412458645096286,-0.652952550318306,1.8927755195319191,-0.7290629406386223,-0.5143231902803089,0.7463805817478395,-0.022790638436655783,-0.3625420550865887,-0.16468235323629446,0.17997028382351474,-0.478786805867869,-0.7074320101223617,0.40720336746456953,-0.6199296614820087,-0.6868856154050287,-0.7475592597689098,-0.610570660372357,-0.8696422236912428,-0.4400607474540973,-0.8029352607229229,-1.0661387626476673,0
1.550122750704672,-0.3765717360777597,1.3346636452104552,1.804732585719739,0.7067426226226889,0.3078615178173432,0.049055363355250486,1.3215745988777832,0.012334340574396929,-0.8537252286843247,0.5914908485980096,-0.3079016078687117,0.5667770567351135,1.5841136087512817,1.225311940992724,0.2424512889316548,0.3536825786903187,1.0265105645424804,-0.5567495670546667,0.7203495889849318,1.645026440525978,-0.5950325259529413,1.5337764307706183,1.5797063762877657,0.8379049656163026,0.3256393759451285,0.38975097461780456,1.6155483719171362,-0.3277258951194133,0.2421858163275185,1
-1.162665996401262,-0.8439010279837974,-1.1954836026080604,-1.1195603444706097,-0.15004706828759506,-0.5180752767681743,-0.962612894599493,-0.9091896740562022,0.26767570496021426,0.006003963167689828,-0.003865874557840056,0.8486321707817023,-0.10587271289400108,-0.3817695144143914,0.2401388111969183,-0.36006668923762336,-0.8801650848166617,-0.577629231399603,1.2650896700923628,0.04463075066258445,-1.3291679506850933,-0.4648720203143034,-1.173161611944581,-1.0130430217261073,-0.69062269918877806,-0.6309092354994171,-1.1935738379933112,-0.8427544522332312,3.948573211060703e-4,-0.5955184104983194,0
-0.4731182290929542,-1.4484065797030496,-0.3752846005094431,-0.6592207713573686,0.6854117589485733,-0.014030401209566523,0.3524931210728605,-0.020595032989152467,1.40212090958863,-0.214947855496089,0.25829302170763696,-0.13387771641034205,0.15527366825612585,-0.4347470200258112,0.1525456627397523,-0.004363304535278395,-0.03656377588377779,-0.3688868534269413,0.5900655702729458,-0.06269819233716195,-0.6101887848097213,-1.3141693196064148,-0.6604027896492548,-0.5372431220363916,0.36051380382904274,-0.3684145002657976,-0.0373325831554164,-0.3468037617987861,0.4044844539227296,-0.28435530707722145,0
-0.06449732994729063,0.5348366342066512,-0.18885703003745416,-0.30913536760705174,-1.9965888336768125,-0.9768659354753524,-0.3015475853097846,-0.7537886970946504,-1.687509599479757,-1.6766291174257106,-0.4048571986943057,-0.34596933412522984,-0.2750243461389697,-0.21668193468751887,-1.1283792382726436,-0.6152573435688189,-0.3963324864673678,-0.6223597409651733,0.05778850231498214,-0.7531558643813051,-0.23983692670413412,-0.07276349707790712,-0.1238362449026075,-0.2974989865338217,-2.114474687235001,-0.9137425458600968,-0.5324810850406438,-0.7432600499190817,-1.27491190955362,-1.1480820710219064,0
-0.9044402893022664,0.2302588369942589,-1.0333368856854035,-0.7680541395687088,0.08388140333853226,-0.4894837004310783,-0.9805507198800296,-0.9370226848552862,-0.9506673765378278,1.3373803063981595,-0.5307078930500849,-0.5653119473175496,-0.3145919796465647,-0.4692593369593917,-0.4672674523887108,-0.8062315312740026,-0.706740664935898,-1.332213479723137,-0.4067442115392405,-0.21726698700933184,-0.8005372258472299,-0.4046727864564333,-0.7699183129253313,-0.6828459706309926,-0.11249762252897667,-0.9042088387692874,-0.925292505461693,-1.320905685372943,-0.6073558959677369,0.44925877127323177,0
-0.6206757760066665,-0.8462260493365638,-0.6761202605867579,-0.6089244105912921,-0.2069293714185679,0.1923591233429816,-0.13684573500667507,-0.5950374503146902,-0.8959513698837241,0.4833165457939341,-0.6662948875422711,0.215982815375755,-0.6870223300368025,-0.5589473962517538,-0.5805057431698378,0.59368744117306,0.1204623464151371,0.2826227424194087,0.05778850231498214,-0.18060886211153115,-0.742605091618423,-0.47788807087816754,-0.5982051147451786,-0.6371804210114557,-0.7913566140613191,0.5633464727426434,0.017311104371123518,0.2159329265193158,0.5192458993575908,0.5306484086449424,0
0.2391306992790012,-0.5323481667131058,0.7420462026504904,0.07334430239938204,1.1120290324308726,1.6825293602499107,1.362279788963212,1.1025184953664748,1.0300520643407254,0.5527180785793508,-0.4776991478629802,-0.7261027720296056,-0.4283489259809003,-0.4791514023225199,-0.5418715027856884,0.776285568013981,0.5855776960093917,0.8774088659905791,0.04811073744301914,0.37039676779561753,0.014650662943839389,-0.7805112464880003,-0.15954782857958869,-0.3073346433749528,0.4130706289799341,0.9650333315020808,1.4145597810366004,1.4695015428321463,1.1059839936231488,0.18681871607465408,1
1.31743584980228,-0.4253971844858533,0.8408157764104848,0.9636183039819648,-1.292670332431019,-1.2625923506586505,-1.0567049417528536,-0.6700319516344441,-0.9762015129764088,-1.076093405160052,-0.8314513861524341,-0.8229035616533237,-0.7656630016331476,-0.5714773457117162,-1.2332911841433938,-1.215541705507627,-1.0565710133486703,-0.952814483734006,-1.0515252961337738,-0.8192916567226982,0.4263826169271457,-0.850472518268768,0.6558666653781562,0.5996534267607767,-1.6856985887123144,-1.206490911595218,-1.1550356583693302,-0.8681605152094742,-1.1035779205945313,-1.1801949891685677,0
1.978607165781028,-0.8043756649867694,2.0137044648104148,1.8303070064482525,1.7875063821111787,2.561104951005712,3.0745267475598945,3.669340602393103,0.154595957875067,-0.35233456325497764,0.6877720388358118,-0.7045310604842452,1.2300295134061745,0.593588130390047,0.167866137374846,1.040969091324674,2.0084198801314166,1.7477089977554796,-0.642639730293338,0.2456835593804194,1.9471011404333287,-0.803289334974762,2.3015754798257206,1.9836708536913636,1.3722326879836957,2.564153800867181,2.221273167941574,2.287972314162612,-0.38914751380285967,-0.014717528845771847,1
-0.7852591937181144,0.08610751312274464,-0.8259207807894157,-0.6967299217591881,0.6356397437089724,0.8929474176956672,0.11528733362184736,0.18299828674488727,0.4865397315766292,2.109295313909441,-0.2249159480251544,0.6111620688958023,0.715155682388595,-0.3857263405596426,1.871436306037978,1.8919768751337376,1.4886435385976662,1.8028117993942256,0.8041861180651262,1.9387598433200812,-0.7012249957407036,-0.18177292055026653,-0.5229131924928758,-0.7731232494942315,0.916740203342639,0.6675816702688266,0.6318129237485306,0.7042770112722508,-0.12729745520500743,1.4868382300119103,0
-0.18084078039848656,-0.9857273305025448,-0.13329914479745714,-0.28810751056360745,0.34411794016273434,0.13934163079737272,0.9959969230949104,0.4811723005832215,1.281745694949602,0.7113501535174507,-0.3367030977394567,-0.6374593523179988,-0.3170649567407894,-0.3687999176049567,0.07894077373201976,0.483681841822413,0.4822187294328905,0.5646194331588738,2.957488802076888,0.23396807616565848,-0.5274285930542827,-1.5094100780643718,-0.45297800779212016,-0.5349598445554148,-0.44097777972204527,-0.2883313607029984,0.23780317684663607,-0.0016159959718670446,0.2573958407597385,-0.42221938670685416,0
1.711868523283164,0.2302588369942589,1.0465857217438057,1.4211162747920378,-1.0267455652937187,-0.9122982034823074,0.13272340155187956,0.27036301508645616,-0.8084057592371579,-1.076093405160052,-0.392596672596608,-1.1428537370950134,-0.3076676437827355,-0.2964779286167528,-1.0501115961151,-0.881504398240841,-0.5222184072977216,-0.41831730783816967,-0.2567388560238147,-0.6424256520611442,1.2519155296876454,-0.028834326424866948,1.3343867552408046,1.5235026229098738,-0.5241927528776232,-0.5381144864822054,-0.1600412147939626,0.4578229871913304,-0.010919651383739952,-0.4382758457801848,0
-0.3056971662485504,1.2090928265088938,-0.16128385736278908,-0.4003508015387496,-2.2802893205425407,-1.288343704180803,-0.9205907164947392,-1.1285550332430565,-1.424872767540059,-1.0421008176733162,-0.83181198986119,-0.9371067404228788,-0.8606253220513757,-0.5516932149854598,-1.264265187209996,-0.960686093611002,-0.3098687355812564,-0.5157196130878353,-1.1966917692132182,-0.8805145044901593,-0.4094953198027832,0.7846688338166191,-0.3131076383906095,-0.023681325545904904,-1.3519627490041564,-0.7249751454620701,0.027377046810222964,-0.6355505134689016,-0.6671611562647773,-0.5639591633541866,0
-0.5071699706884264,1.3485941076748755,-0.6353778114107606,-0.5412942757758902,0.2232430460094168,-0.4315431550062347,-0.5216936228436438,-0.16079093923639,-0.9360764414300664,0.562632583262982,-0.02694451191821224,1.0226560622400716,0.26359006498316706,-0.28416780283152665,4.565841519035972,-0.2422434330803317,-0.3552539228279892,0.3150361551480829,-0.8047422918987179,0.3174881339225033,-0.5522566505809144,1.2158255087446066,-0.5473161080054797,-0.576585749400916,0.3386151266828381,-0.5565463201911036,-0.6815528992577838,-0.747976145441618,-1.8066938186813573,0.20342884615051385,0
-0.4277159069656587,0.6464376591394363,-0.6411393698800936,-0.5583438895948991,0.7067426226226889,-0.6362285458698167,-0.7823565664307434,-0.6481263412833133,1.2416206234032596,0.07115642251726627,-0.6915371471551781,1.0226560622400716,-0.62767087977541,-0.45519062177627606,-0.8046509481571864,-0.6169325557416714,-0.6603616414720835,-0.6152287901648649,-0.6378008478573565,-0.8918520688915409,-0.31018308969625685,0.9766555796336098,-0.3881019641122706,-0.4543425858040012,0.014514704919010574,-0.36078753459315,-0.5224151426015442,-0.14918414619315898,0.18304335498503976,-0.7427948971709393,0
-0.5014946804225145,0.253509050521922,-0.41355781034144046,-0.5824975091718284,-0.14364780918536108,0.3438376734732919,-0.03762321894440576,-0.6501880457869491,0.5667898746693147,1.1178448455463277,-0.7975546375293876,-0.347782082994588,-0.7038385742775304,-0.5815892347495805,-0.3790081963387145,0.3708842221836791,0.08700319377338528,-0.22950917869364265,-0.6958674370891345,0.5517977982177243,-0.5812227176953177,0.7439936758045449,-0.4482164633018561,-0.584489402219682,0.26853935981498384,0.9637621705566392,0.3216860305057986,0.10944044697817742,1.112449427168775,1.879944641807248,0
-0.3113724565144627,-0.2603206684394419,-0.3670538026961101,-0.3628416511369298,1.2684553660410485,-0.010243437456308652,0.26217679798204646,0.9208307859835658,-0.4290414464353726,-0.13704817583898682,-0.4477690400362475,-0.33871833864779777,-0.3764164070021819,-0.3857263405596426,0.1498812323684319,-0.536522371444752,0.2261402641648288,0.5808261395232107,-0.05955439675756916,-0.5551264061705055,-0.13224867742206378,-0.35423559052146136,-0.3020965667568734,-0.3854929879160836,1.9853956480774235,-0.15295272001350466,0.24882778047041185,0.5810499992317907,0.1765779214394136,-0.5346146002201692,1
-0.6348640016714462,0.08378249176997793,-0.7506089807974202,-0.6884892750800005,-0.7949501800350032,-0.7984999426969116,-0.8015487850875411,-0.6661662556901269,-0.4363369139892533,0.07257278032921499,-0.43586911764730574,-0.24264264857182305,-0.462970605300046,-0.4461778511120926,-0.2561113454615503,-0.5733770392475067,-0.549714542636983,-0.1857510715099326,-0.5918314647155324,-0.5732665092127162,-0.8005372258472299,-0.028834326424866948,-0.699983128224576,-0.6273447641703246,-0.1168773579582171,-0.6302736550266965,-0.8565085654611797,-0.5328613367685181,-0.6122049711269567,-0.07728235213150896,0
-1.034971965418242,-1.4716567932307132,-0.9757213009920734,-0.8334109925415764,-1.062297004750577,-0.6735301388394056,-0.9197126411313564,-0.8981080123491596,-0.7026214797058913,-0.2121151398721945,-0.2068857625873636,-0.4251864597161752,-0.3516866360599351,-0.26416384843053414,0.6108276866069017,-0.29696703072684616,-0.5500458213760103,-0.13388961114405387,0.04811073744301914,-0.39148755997723006,-0.8874354271904403,-1.4915130085390589,-0.8770530639562757,-0.8391626597132543,-1.6856985887123144,-0.749127203425454,-0.9896666040126958,-1.1940275026053582,-1.050238093843117,-0.973122034222855,0
1.82821197373436,1.206767805156128,1.684472552277101,2.1286752482809086,0.8418380925587502,3.2806280641246857,2.812358531921282,1.97358864815262,2.5876343870942096,0.13205980843100046,1.7162138162073943,0.5332138675134074,2.3774908851264294,2.478795964927541,-0.3736793355960734,3.382915708972452,0.8992986618681943,1.5824005928392415,-0.7345784965769863,0.9138440214351786,1.959515169196644,1.7332135186581916,2.1914647634883613,2.0591946472929057,1.2671190376819128,4.312000100848909,2.2596196153286194,2.365559692114012,1.2126636471259775,1.8577978017061016,1
0.0348202497061692,-0.5695485083573676,0.06712078195719716,-0.028669220284354997,-1.2158792232042053,-0.9696707043441626,-0.5563148800284559,-0.4648923535226774,-0.2575979589191808,-1.3522831784897773,-0.21337662934496837,-0.7311784688638081,-0.40807051380825793,-0.3696792123039014,-0.5455350945462545,-0.7654680350679254,-0.6166328479204869,-0.8996564868589806,-0.4188414176291941,-0.5774236161598895,-0.243974936291906,-0.8358294613844213,-0.02562938979090798,-0.3054026393525877,-1.4132790450135295,-0.8832346831695065,-0.736196586784324,-0.654262763445416,-0.24529161741268213,-1.0871782607437552,0
-1.331222117298848,-0.0929191310402646,-1.3070109129787204,-1.0900076805176608,1.5030948664563126,0.4707009592074271,-0.08253050181456052,-0.5790592404115124,1.591803065989523,3.824504624177632,-0.7146157845155503,0.0038911976608672263,-0.8027576580465179,-0.6429200400009752,0.7620341101793483,0.07102124324308359,-0.3098687355812564,0.0994869605023997,0.031174648917083797,0.0831784696272823,-1.2619252948837998,0.08668312232942423,-1.137152431736958,-0.9659723782721228,1.25397983139419,0.1711933210740159,0.2809429301570625,-0.08985262187738181,1.4987590815199272,1.542205330264775,1
1.4422922356523444,-0.5695485083573676,0.9930855359571418,1.2307289204797716,0.1500070807282886,-0.5351166136578345,-0.05418121151105503,0.42138286997778185,-0.5202347908588788,-1.5505732721624,1.2694258210589404,-0.808945395359267,0.9946020940359844,0.9488231887637164,-0.4775921200775782,-0.07974785231364037,0.431864361100749,1.0832340368176598,-0.14060567756025869,-0.7818776941981387,1.0884641509706543,-0.8846396509989106,0.4921885735253238,0.2536490700281301,-0.5154332820191412,-0.6715863857535372,-0.15285125590889154,0.3969701417392512,-0.95648930743154,-1.2754264016034946,1
-0.8306615158454104,-0.05106874669047027,-0.7098665316214229,-0.7680541395687088,-1.6247207769580745,-0.9073751506030724,-0.8553622609291512,-0.9367649717923318,-0.1299272767262721,-0.5548737303634427,-0.7975546375293876,0.5839708358554319,-0.8027576580465179,-0.5815892347495805,-0.42796710441173136,-0.6437359505073111,-0.13263461020167935,-0.5079403940329535,-0.4127928145842175,-0.30834542103376467,-0.6060507752219495,0.6821674356261921,-0.7877741047638219,-0.654217183754129,-1.0453812689572923,-0.586418602408973,-0.5645962347272945,-0.5625270989264066,-0.15800826454673106,-0.5407049812479842,0
0.026307314307301384,-0.26264568979220865,-0.05510656557079549,0.17535782508311876,-0.8511214543768392,-0.4364662078854697,0.13623570300541124,-0.10177464781981392,-0.6442577392748466,-0.23477686486335148,1.2730318581464986,-0.0631805105053796,1.069780597700415,1.179418223561971,-0.82063753038511,0.0726964554159362,0.22315875551358355,0.5808261395232107,-0.8724866460024587,0.9138440214351786,0.7408713455978126,0.07692108440652602,-0.03753325101656865,-0.023681325545904904,-1.0847988878204604,-0.5215893941914691,-0.06034045158764394,-0.3271787191404905,-0.6914065320608749,-0.07949703614162344,1
-1.034971965418242,2.071675748385212,-1.1843720255600612,-0.911270895648384,-0.3455799853003156,-0.055687002495401774,0.3926337091132222,-0.3071719589945352,-1.3482703582243143,0.5569671520151931,-0.027665719335723787,1.6099866959120686,-0.034650972580330265,-0.3433003713355596,4.905556391379354,2.046654799093784,2.908835492807473,1.9729822162197652,-0.17568757522112471,2.90434241150442,-1.0364037723502295,1.663252246877424,-0.8708035368128041,-0.7738257964114551,0.44372877698461954,0.5099577130341109,1.100598243055164,0.1611653656124447,-0.6445321388550866,1.3539571894050355,0
-0.98673199815799,-0.5439732734769378,-1.0823101326747335,-0.9376977970678476,0.9129409714724668,-0.5885128025787687,-0.7133649307363714,-0.1839851149022934,-0.5421211935205199,0.2694465161898891,-0.7203854438556433,0.3827557113566921,-0.6880115208744924,-0.5886235923411383,0.9775199164599048,-0.536522371444752,-0.6166328479204869,-0.0204426665936945,0.7932986325841679,-0.3843071025230217,-0.8150202594044317,-0.0987955982056347,-1.0862634249972591,-0.9032700659099124,0.4700071895600658,-0.9112002239692142,-0.8255438091961403,-0.6748005987854926,-0.26630427643596605,-0.3026264501606673,0
-0.8647132574408821,-1.2949551704204705,-0.9654328037254074,-0.844777401754249,-1.5678384738271016,-1.1773856662103506,-1.0944998141796063,-1.260710291926114,-0.9652583116455884,-1.2049819660472574,-0.7632972851975852,-0.8655031600832371,-0.66773310870185,-0.5681799905906734,-0.06227403594797396,-0.7408982565327554,-0.7751165966711218,-1.327027333686549,-0.3704525932693796,-0.8619964826345691,-0.9474365662131334,-1.2978992564015854,-0.9874613768242771,-0.7249987856644116,-1.2205706861269292,-0.6150197236814013,-1.0399483831489595,-1.3813021344841316,-0.19356814904767364,-1.164692201097766,0
-0.31988539191333054,0.3581350113964078,-0.3851615578854423,-0.4222311392731443,-0.274477106386599,0.04277405508929994,-0.6680813298533382,-0.8166706844555438,-0.020495263418064694,1.3798710407565782,-0.2797277117560381,-1.0957222664917048,-0.02327527794689664,-0.4208981285174317,-0.7283816287781332,-0.5515992810004244,-1.0073098648553191,-1.0784164580576183,0.24650491731826,0.04009572490203184,-0.3825982574822655,-0.13458973725625992,-0.40566015942012,-0.3366659771690402,-0.15191524139214546,-0.3086699358300586,-0.6815528992577838,-0.4993922717698745,0.7859450331146629,1.8744079317819613,0
-0.6064875503418863,-0.2486955616756108,-0.703693433261423,-0.6313730687863206,0.7778455015364054,0.1961460870962392,0.9959969230949104,0.8919669229326637,-0.19193875093425652,1.4336926376105763,-0.2580914892306892,-0.45274024253041706,-0.22556480425447592,-0.4657421581636128,-0.4236374050583353,0.8600461766566054,1.47738006147074,0.3150361551480829,0.6578099243766864,0.19164116906716688,-0.5232905834665109,-0.16875686998640246,-0.5571367935166496,-0.5349598445554148,0.4086908935506924,0.6612258655416203,1.05937581211409,0.4273965644652908,0.9362663630504666,0.5921058899256219,1
-0.3624500689076706,-0.2858959033198725,-0.3238421141761128,-0.5069108879075553,1.9865944430695848,3.2806280641246857,0.9671458754409004,0.7881085585620081,2.0878948596533964,2.6007714746551573,0.07726995991221805,-0.7105131317531268,0.10977088972239156,-0.3817695144143914,0.593841942989733,1.9628941904511603,0.4822187294328905,1.2744731719168374,2.57521708963435,3.17644395713758,-0.3888052718639232,-0.803289334974762,-0.1416920367410981,-0.5233678204212245,2.327015011558215,2.831097599409845,1.5219298337203282,1.0146265230778546,1.883452377484674,3.275195568179431,0
0.0348202497061692,-0.5672234870046009,0.20827896445585567,-0.019007772453583007,1.1120290324308726,0.4006421297721584,0.7250479538224684,-0.08476558566481833,1.055586200779307,-0.3679144991863989,-0.09942585737813096,0.24136129954676724,0.024700477681062268,-0.0876454376173802,-0.4682666137779559,0.00847998878992407,0.16816648483506075,0.033039464408617894,1.0848412993520526,0.38778103321106944,-0.3308731376351164,-0.7072959620662667,-0.3562591353336285,-0.2648305548829222,-0.5679901071700318,-0.23684934241262756,-0.20126364573503683,-0.683472129262414,0.249314048827706,-0.20739503772574056,0
1.433779300253476,2.3344031612478098,0.6638536234238281,0.3930245615057995,-0.6762083722490972,-0.0481130749888863,0.28475587875474995,-0.1839851149022934,-0.9105423049914846,-0.8947996052307964,-0.3262455901855382,-0.919523076390106,-0.4674219640696504,-0.22327664492960436,-1.126380915494153,0.21453108605078,0.3825038289856893,-0.4262585939566946,-1.2595972408809777,-0.2558147059740295,1.8643409486778904,1.985399498333053,1.6617429389464684,1.6517174353031896,0.7853481404654112,1.2389685152446714,2.47819436543478,1.270208473976587,0.493384165175087,1.8744079317819613,0
0.4689799550484367,-0.8439010279837974,0.7132384103038253,0.22025514147317543,-0.7330906753800701,-0.3660286820748753,-0.09883761570595744,0.40488923394869536,-0.8084057592371579,-1.0421008176733162,-0.36915743152748,-1.549453308492016,-0.4402192160331788,-0.31450346994511974,-1.0734253618641556,-0.536522371444752,-0.18762688088020235,-0.5862187857727015,-0.16117092791318,-0.3431139518646684,1.322261692679768,-1.210040915095505,0.6231310470075891,0.7594828504291566,-0.12125709338745876,0.0675937040205536,0.8182725241680402,0.2980842678796229,1.3015633583783348,-0.005305121802785474,1
-1.148477770736482,-0.0580438107487696,-1.1843720255600612,-1.0394271595212676,2.071917897766045,0.42336391229170506,-0.6113827492463273,-0.5218469404356176,0.2968575751757361,4.563843402014125,-0.652952550318306,-0.12118847432483612,-0.62767087977541,-0.5864253555937765,1.4817633642323351,-0.2768644846526164,-0.7024340413285439,-0.408431216955924,1.1973453159886218,-0.17796343041787543,-0.8564003552821509,-0.0353423517067987,-0.8324135843600488,-0.8776271034312492,2.4496476035769605,-0.08176770706879419,-0.39203722148558895,-0.5328613367685181,0.5160131825847781,1.287516669101599,0
2.1233270675617835,0.7394385132500901,2.0301660604370806,2.0718432022175453,-1.5209105737440491,-0.3186916351591533,-0.4317536177657082,1.9400859499685368,-0.9798492467533496,-1.0421008176733162,1.1944202496377312,-0.0015470489472070251,1.6222436805502098,2.188628714275781,-1.1820008994954716,-0.6509952032563386,-0.23234951064888068,0.7185831436200761,-0.43819694737312015,-0.08764083402020148,1.9574461644027588,0.6235952080888052,1.5635360838347698,1.9836708536913636,-1.7189845779745458,-0.4834545658282313,0.09160734618352458,1.277815079658097,-0.8126334110413618,-0.7084672950141628,1
-2.0278639974395456,-1.9924615762503768,-1.9827594134533468,-1.453164454862551,0.457882546424681,-0.7036365006778047,-1.1138927357766064,-1.260710291926114,0.08164128233626204,3.0738349838455594,-1.03338946305569,0.6891102702781968,-0.9001929555589705,-0.7278159431840886,2.897241998996423,-0.41088145848081536,-0.800128141467679,-0.5215540273789966,1.6497808237528913,0.469033578087638,-1.7253823687142555,-1.5793713498451394,-1.6918723648527376,-1.221348182682919,-0.1168773579582171,-1.0500109992113995,-1.304682669297276,-1.743528697037633,-0.8094006942685491,-0.07949703614162344,0
-0.18084078039848656,-1.1926542308987509,-0.40409239285610754,-0.4264935427278966,0.557426576903884,-0.16020720208531591,-0.7048350557777945,-0.03811952127005716,0.4500623938072267,-0.8650560911799037,-0.05182616782236349,-0.7812103376580892,-0.3175595521596343,-0.14457976937405131,-0.9771728147001976,-0.39859656921323056,-0.4016329462918038,-0.0690627856867057,-0.17931673704811069,-0.2852923734176218,-0.15707673494869556,-1.4052816735534617,-0.4562515696291768,-0.2823942278135134,-0.23075047911848184,-0.3086699358300586,-0.635057831800991,-0.5328613367685181,0.14263439532487732,-0.4499029368332864,0
-0.36812535917358247,-1.064778056496601,-0.6065700190640955,-0.4603086101355977,-0.6861627752970176,-0.7543818149714587,-0.8015487850875411,-0.6311172791283175,-0.9506673765378278,-0.7531638240360655,-0.5274624596712825,-0.3115271056074277,-0.6746574445656791,-0.42617389671110006,0.09925705531333973,-0.7738440959321877,-0.8220919218651853,-0.41718283839266607,0.3553797721278436,-0.4043367996321294,-0.7095010149162476,-1.3727415471438025,-0.7193269027162741,-0.7169194961163396,-1.3256843364287112,-1.088908524141902,-1.090805358996029,-1.2002649192641963,-1.1892449150740756,-1.2195056303481011,0
2.5943761596324797,-0.6206989781182272,1.9807812735570829,2.137200055190413,1.4248816996512252,2.561104951005712,1.7950455037733626,2.5946771298729185,1.0336997981176652,1.1291757080419056,2.9166635626555006,-0.7039872358234378,2.1079363818559385,2.6018972227798027,0.2797722129703132,0.5216533177404027,0.4948073215159258,2.4980795024242863,0.3396534042109036,1.8442801399752344,2.6691838134995303,-0.2094320279984768,2.744994310481575,2.9531855994599976,1.932838822926532,1.5910800971319,2.046317501738178,2.365559692114012,0.6356237031788591,2.2398307934508663,1
-0.7710709680533342,-1.2042793376625829,-0.7806513928160853,-0.70639136958996,0.4792134100987956,-0.35144887162483307,-0.6372232527973102,-0.45355297875268025,0.2968575751757361,0.7113501535174507,-0.6046316533450269,-0.531232268573619,-0.6657547270264702,-0.5264134923907989,1.075437732605938,-0.6230750003754639,-0.4576190531874085,0.2502093296907345,1.1489564916288073,-0.38052791438922784,-1.0136447196174845,-1.5175451096667862,-0.8374727253809545,-0.8245848111808636,-0.10373815167049458,-0.5031575604825708,-0.8917393639980279,-0.8100460478027387,-0.23397710870783608,-0.5096994051063798,0
0.4888434709791287,1.3253438941472115,0.9478161479838114,0.9369072423321844,1.5599771695872864,3.07045157581888,1.329665561180418,1.2298287484659882,1.3547003704884069,0.8997257425064422,-0.14882856547767748,1.1459229853564166,0.5242418507144491,-0.13117052521514425,-1.0048162798026492,1.9628941904511603,0.8443063911896713,1.3166106084641138,-0.49263437477791217,-0.01810377235839405,0.7243193072467247,0.9050673015323588,0.7749052776347612,-0.08410036042713859,-0.3665222774249499,2.245727984034147,1.1063502101632208,0.8913995110373943,-0.5394688437386643,0.052830333462722666,1
0.11427431342893696,-0.1859199851509193,-0.02218337431746366,-0.026111778211503397,-1.1319778260860198,-1.0997529092685665,-1.0751319804501325,-0.9079011087414298,-0.9980879156380508,-1.280048930080464,0.5965393005205908,0.027456932962521243,0.715155682388595,0.28187815961414114,-1.1983205355198103,-0.9215978095777771,-1.0565710133486703,-1.1059678588769914,-0.89305189635538,-0.5441667605825032,0.21741313274466384,-0.17363788894785157,-0.13276414082185278,-0.13503501192585307,-1.9436650054946047,-1.1224036150542789,-1.234125206105112,-1.405491140551333,-1.197326707006108,-0.9188622759750482,0
-0.6604028078680501,3.064459866016445,-0.5427813360107661,-0.6035253662152726,-0.5069835204344516,-0.4987617616265599,-0.6941727120795734,-0.935734119540514,0.005038873020516231,0.8813130909511265,-0.29198823785373584,1.2782536528195516,-0.39075967414868507,-0.37583427519651447,0.22015558341201347,-0.34052254722101083,-0.1909396682704748,-0.8011197121638112,-0.05713495553957809,0.09451603402866383,-0.5605326697564582,1.5607508486869974,-0.5648743033133291,-0.5890559571816356,-0.5110535465899001,-0.5292163598641164,-0.7151060407214488,-0.8608581737552247,-0.8029352607229229,-0.15147426647034692,0
-0.19219136093031083,0.5046113566206888,-0.34812296772544427,-0.225592259893908,0.3725590917282208,-0.1872839929211089,0.30106299264614683,-0.48009742423699175,-0.779223889021636,0.17596690060136766,0.520451917973114,1.3580146030713045,0.7107043236189904,0.2671499734068171,1.225311940992724,-0.5035765320453198,-0.1578117943677501,0.14486573832254362,1.7054279717666778,0.18559446805309648,-0.20052583562030055,1.414320279843529,0.06662553470796077,-0.3054026393525877,0.8685631136209893,-0.35633847128410573,0.05134357642712653,0.5262824383249195,-0.2711533515951859,0.7067157874490514,1
-1.2829821500385965,0.5325116128538844,-1.2646223042400562,-1.0638649393285138,-1.5081120555395802,-0.8454582932373079,-0.8009215883994106,-0.9834110361870928,-0.5968372001746236,-0.0846429367969371,-0.8108969747533528,1.934468743527153,-0.7008710017644607,-0.5791711743274824,-0.3906650792132424,-0.536522371444752,-0.3357084772253816,-0.6174977290558721,0.6493418801137186,-0.2675301891887907,-1.2122691798305365,1.2272145529879874,-1.235656883379299,-0.9659723782721228,-1.478099129366295,-0.6804845123716261,-0.6101326409994112,-1.3511799759853524,-0.6105886127405495,-0.42221938670685416,0
1.711868523283164,1.4253198123161657,1.668010956650435,1.6143452314074724,0.16920485803499152,0.4707009592074271,0.47542367194646856,1.0272662809837665,-0.3743254397812689,-0.7078403740537526,-0.14774675435140996,-0.26258288613476105,-0.17264309443806777,-0.124795638647795,-0.6747599675553052,-0.4304256004974277,-0.14588575976276924,0.1967271986884224,-0.1454445599962404,-0.09746672316806558,1.2974336351531364,1.0091957060432692,0.9594151266324988,1.0615780248353253,-0.29644651055709564,-0.5698935101182367,0.06668215538194497,0.637338881274964,-0.26630427643596605,-0.6697103248371582,1
1.978607165781028,2.3251030758367444,1.9807812735570829,1.9070302686337923,-1.5066899979613055,-1.086687884319827,0.021333269739875576,-0.20949870813478697,-0.5785985312899224,-1.7502797236469705,0.5085519955841722,0.7598074761831592,0.9179398041150194,1.5687259515197491,0.10491896985239596,-0.7196789023432907,0.00815885388490054,0.4074143814248041,-0.5603787288816527,-0.7709180486101365,2.154001619821925,1.827579885246204,2.1378973879728886,2.373584392750488,-1.102317829537424,-0.9626822422595852,-0.2424860766761109,0.5597515033235632,-0.27438606836799856,-1.3972340221597963,1
0.9457043373850448,1.78569812199495,1.050701120650472,1.1994712951449218,-0.628569443376907,-0.18406507373084,0.26970315823961416,-0.01183278884870012,0.417232789814764,-0.479806766330236,2.4046062962222443,1.528412996790958,2.830540288788392,1.529157690067236,0.22015558341201347,0.7243539906555537,0.5537749370627759,0.5532747387038377,1.6497808237528913,0.32353483493657337,1.0884641509706543,1.2272145529879874,0.7630014164091006,1.3425967917247843,-0.576749578028514,-0.06270029288717532,0.09112801559118656,-0.04117034551571857,0.4998495987207132,-0.29432138512273703,1
1.4962074931785077,0.7208383424279597,1.462241011317114,1.350076217212834,-0.10311916820454262,-0.014030401209566523,-0.06145669309337057,0.8074370382835943,0.21295969830611056,-1.0350190286135803,0.643057178950091,0.6601062883684685,0.894693819429307,0.2671499734068171,-0.86127009354775,-0.23833460467700915,0.0949538835100391,1.4268162117416061,1.6473613825349007,-0.18023094329815173,1.0988091749400837,0.1436283435463279,0.703482110280798,0.5996534267607767,-1.3037856592825066,-0.5292163598641164,-0.20270163751205103,0.5065052635529939,0.1313198866200322,-0.9941615323189438,1
-0.6064875503418863,0.7440885559556227,-0.5427813360107661,-0.42848266434011423,-1.8558051334276533,-0.9810315956039356,-0.7775898716009503,-0.898365725412114,-0.7682806876908155,-0.7234203099851728,-0.6075164830150734,-0.8754732788647062,-0.49314092584958713,-0.5516932149854598,-1.2332911841433938,-0.7258213469770831,-0.5384510655100566,-0.8996564868589806,-0.5289259930477731,-0.3824175084561248,-0.4363923821233005,0.14688235618729378,-0.6764730023038963,-0.690047076532535,-1.7386933874061297,-0.615655304154122,-0.8635547251685494,-0.8427544522332312,-0.42794011507661583,-0.2605474539684898,1
-0.11841258747345444,-0.4207471417803207,0.0823477579118631,-0.0249751372902362,-0.6698091131468623,-0.547613594043585,-0.3881007282718147,-0.469531188655858,-0.6333145379440261,-0.3211746913921372,-0.8040455042869922,-0.7944434044044029,-0.5979951546447138,-0.5048707722666531,-1.1820008994954716,-0.910708930454236,-0.5006852892609506,-0.1857510715099326,-1.159190430334362,-0.3880862906568156,-0.25225095546744963,-0.42419686230222914,0.0011542979668279069,-0.2716803873258527,-0.9315081477970282,-0.6518833910991978,-0.6738836097803748,0.10944044697817742,-0.8675895961791829,-0.42609508372455474,1
-0.7909344839840262,-0.1580197289177228,-0.6794125797120916,-0.6421711575383596,-1.5429524662073006,-1.19897135960392,-0.8921159868536075,-1.094897707221201,-0.5202347908588788,-1.236141837910098,-0.6630494541634688,0.4607039127390871,-0.6430033377596032,-0.5026725355192914,-0.5172255218509727,-0.5035765320453198,-0.6335280636108764,-0.8850704511310771,-0.7261104523140186,-0.01734793473163518,-0.6101887848097213,0.4413705001947121,-0.6458205596478205,-0.6108349116155688,-0.9446473540847512,-0.6525189715719184,-0.7769396871330599,-0.7969626860305417,-0.15315918938751122,-0.24725934990780285,0
1.1074501099635368,-0.5672234870046009,0.7132384103038253,0.87751775419597,-0.678341458616509,0.2605244709016211,0.5770295354236343,1.011030358017634,0.02327754190521747,0.23687028651510184,-0.6662948875422711,-0.6912979937379318,-0.4802814449596187,-0.4701386316583364,-0.9738422767360468,0.3044341393271969,0.10290457324669317,0.7850306397138577,0.4400602147575195,0.37379803711603216,0.31672536285119013,-0.6617397850927432,0.5070684000573994,0.04551954580062439,-1.268747775848579,-0.21269728444924368,0.23348920151559363,0.24635934924535544,-0.33904040382425843,-0.2134854187535556,0
-0.7341815813249064,0.59296216802581,-0.7518436004694202,-0.7166211378813653,1.3964405480857387,0.1961460870962392,-0.942417161241686,-0.7372950610655635,1.3729390393731082,0.7835844019267628,-0.07021695696891,0.6891102702781968,-0.2057809875006784,-0.30571052295567247,0.3107462160369153,-0.2422434330803317,-0.9291612103187916,-0.916025260286961,-0.5216676693938007,-0.37032410642798447,-0.806744240228888,0.6073251448839752,-0.7014711108777835,-0.6092541810518155,1.3809921588421763,-0.313118999139103,-1.0046217184936437,-0.6387452878551357,-0.03678138556624373,0.08992629063214126,0
-0.8107979999147182,-0.5044479104799093,-0.731266605936088,-0.70639136958996,0.8418380925587502,-0.03107173809922641,-0.4787933693755072,0.5538473843363851,-0.5202347908588788,0.06124191783363502,-0.6230224424915735,-0.38222431151239017,-0.7285683452197773,-0.5163016033529345,1.4817633642323351,-0.004363304535278395,-0.12700287163821614,0.22751994078066268,-0.12487930964331909,-0.368056593547708,-0.6701899238324145,-0.6064215701963221,-0.8193193370118222,-0.7790948982906325,1.5561815760118132,-0.023294303578496472,-0.4883826705455413,0.9720295312613992,-0.11921566327297492,-0.1348641363944879,1
1.7913225870059322,0.34650990463257664,1.7132803446237654,1.9070302686337923,0.5289854253383975,1.216732818599206,1.4325258180338452,1.687527148273146,0.26767570496021426,-0.5548737303634427,1.8893035964101852,0.4407636751761487,1.0089453611824877,1.9753997497816849,-0.30606941492381223,0.26702106746682464,0.8443063911896713,3.664962360656556,-0.4055344909302452,-0.27357689020286086,1.440194965931268,0.01184083158720736,1.81351716957364,1.3882623413443216,-0.6643442866133324,-0.023294303578496472,1.17105984012886,1.2595592260224733,-0.14831011422829227,-0.7272921091001371,1
-0.94416732116365,-1.4344564515864515,-1.0823101326747335,-1.0132844183321206,-1.19454835953009,-1.2684621444761996,-0.9815542345810386,-1.119096963832627,-1.2680202151316289,-1.0293535973657906,0.054551926260601846,1.2510624197791815,0.3031576984907621,-0.4281523097837257,1.0354712770361283,-0.7408982565327554,-0.8078469360870137,-0.7967439014454402,0.5041754070342741,-0.4583791899453819,-1.1046809305484666,-1.5777443435246563,-0.9175261921235214,-0.903621339368524,-1.378241161579602,-1.301255960077864,-1.304682669297276,-1.743528697037633,-2.018436767300608,-1.4127368102305982,0
-0.5156829060872943,1.3904444920246697,-0.6353778114107606,-0.5046376060650208,-1.2322328853543598,-0.3461471223702722,-0.8726728895215573,-0.9091896740562022,0.22025516585999125,-0.1455463227106713,-0.2068857625873636,0.7434927363589373,0.01827073723607813,-0.3687999176049567,-0.5961592716013466,0.7533910016516635,-0.12700287163821614,-0.2732672858773529,1.6243766909639883,0.1549830441693662,-0.5067385451154232,1.5721398929303785,-0.3619134694158177,-0.5741268351906331,-1.0497610043865333,0.557626248488158,-0.07759635291181445,-0.8243464664839772,0.36407549426256713,0.43763168022013016,0
-1.3788945555325087,0.2883843708134178,-1.301660894400054,-1.0664223814013651,-0.6001282918114206,-0.4228331383737418,-0.8129637648115191,-1.119096963832627,1.6027462673203436,1.2920568564158457,-0.3413909459532824,0.6274768087200242,-0.3764164070021819,-0.4496950299078715,-0.2444544625870224,0.2843315932529671,-0.18033874862160287,0.34096688533102204,0.14609810677164403,0.2634457436092508,-1.0570938202890894,-0.02395330746341785,-1.1675072778623925,-0.925575930531763,-0.8439134392122097,-0.7510339448436159,-0.736196586784324,-0.6845370540578253,-0.02869959363421125,0.2859258255272813,0
-0.8987649990363539,-0.769500344695274,-0.7563705392667532,-0.7248617845605528,0.28723563703176147,-1.0151142693832558,-0.7823565664307434,-0.5798323796003758,-1.6729186643719958,-0.0931410836686206,-0.5346745338463988,0.2268593085919031,-0.3328920101438273,-0.4791514023225199,0.3533771019780454,-0.6794738101948309,-0.6991212539382713,-1.0531339961292523,-0.8446630719955652,-0.7191431711771602,-0.7239840484734494,-0.4079267990973992,-0.813367406398992,-0.6528120899196818,0.8116265530408575,-0.8285747625155324,-0.62786787291591994,-0.6387452878551357,-1.4123023723981722,-0.44547356881305744,0
1.4110781391898286,1.1579423567480345,1.268817262703792,1.4125914678825335,-1.621876661801526,-0.9846292111695308,-0.6853919584457443,-0.6751862128935336,-1.6838618657028162,-0.981197431759582,1.534469546994464,2.0069786983014737,2.3220961982157964,1.8479020184347,0.121238605876735,-0.7961802582368875,-0.7213169294530969,-0.4111863570378612,-0.8313561452966161,-0.12996774111869308,1.0988091749400837,1.3736451218314547,1.152852871549482,0.6014097940538359,-0.7081416409057416,-0.9398013452416424,-0.961817496597854,-0.519625842882691,-1.633743471335862,-0.2400616268749302,1
0.02063202404138901,0.15120811100020287,-0.14811458086145624,0.00571416758397975,-0.1671117592268873,0.04277405508929994,0.5431609142645789,0.16959720747125429,0.5667898746693147,0.3572607005306235,-0.2937912563975149,-0.07043150598281167,-0.32646226969884323,-0.14743747714562158,-0.38566927226701614,-0.022790638436655783,0.2519800058089541,-0.3311252275980362,-0.1502834424322217,0.31257518934857126,-0.2605269746429937,-0.21105903431896,-0.30031098757302427,-0.33894925465001696,-0.6687240220425735,0.1711933210740159,0.4396013562209641,-0.24487524566655355,0.08767821018705622,0.3252364667068152,0
-0.6178381308737105,-0.7253249389927129,-0.6069815589547624,-0.4264935427278966,-0.9485323984886316,-0.9478956627629304,-0.5742527053089925,-0.6470954890314953,-1.041860720961333,-0.7319184568568563,-0.4448842103662011,0.34831348283889,-0.29233518579854256,-0.433428077977394,0.886263176242173,-0.6286590409516388,-0.3552539228279892,0.01035007549854608,1.4078367019538167,-0.2199124187029876,-0.8584693600760371,-1.1937708518906751,-0.7148629547566516,-0.6812652400672395,-1.4307979867304932,-1.054078714236811,-0.80665818385802035,-0.968719842319035,-1.0453890186838977,-1.164692201097766,0
-0.19219136093031083,-1.064778056496601,-0.159226157909456,-0.23837947025816472,0.3867796675109645,1.216732818599206,1.6307199714831313,2.1153308327775844,1.3729390393731082,1.075354111187907,0.520451917973114,1.582795462871698,0.715155682388595,0.07348531596424096,1.3984999151285653,4.518709562166439,2.2429652273627068,6.643754990421708,7.065699990225171,3.4183119977003886,-0.28121702258185327,-1.078253403136384,-0.44970444595506354,-0.5268805550073428,-0.681863228330296,0.33135960019961425,-0.11738079207587436,0.5217184749160136,0.3430628352392832,0.31305570465118515,1
-1.405852184295591,-1.0043275013246755,-1.3070109129787204,-1.154227892569261,-0.584485658450403,-1.2695982336021772,-1.1138927357766064,-1.260710291926114,-0.4363369139892533,-0.51946478506476,-0.8040455042869922,-0.1175629765861201,-0.6800979941729733,-0.6255539696968168,-0.12955090282382,-0.7738440959321877,-0.8671789582467936,-1.000462200445157,-0.05592523493058277,-0.5898949370014093,-1.1419230168384138,-1.035951238803827,-1.235656883379299,-0.925575930531763,-0.6643442866133324,-1.1463649988758466,-1.2406920352201434,-1.6100784069612233,-0.3632857796203559,-0.7643880662695565,0
0.7016668559508291,-1.3949310885894235,0.865508169850483,0.3930245615057995,-0.4906298582842972,0.4138965029085607,0.7212847736936846,1.029327985487402,0.11082315255178382,-0.12996638677925107,-0.9003266945247946,-1.4841943491951275,-0.8057252305595874,-0.5644429881201584,-1.4567702815379122,-0.2807733130559389,-0.0441831868814045,-0.4262585939566946,-0.8192589392066624,-0.6923109354272237,0.8153555181777072,-1.0489672893676905,0.6469387694589105,0.19849913702607375,-0.3533830711372274,1.6190456379316072,1.1092261937172494,1.4345111566972009,2.145302436082526,0.8545459451241989,1
-0.94416732116365,-1.4088812167060216,-1.0823101326747335,-0.7856720738483515,0.3867796675109645,-1.201811582418863,-1.028230212111722,-1.031165266752558,-1.0783380587307356,-0.0874756524208316,-0.2249159480251544,-0.7793975887887312,-0.6672385132830051,-0.4795910496719922,-0.10790240605683984,-1.080184561941146,-1.0565710133486703,-1.327027333686549,-0.8156297773796762,-0.9266205997224446,-0.7860541922900282,-1.423178743078774,-1.0056147651934093,-0.6406931555975739,0.22912174095181503,-1.1463649988758466,-1.304682669297276,-1.3126905512369125,-0.8481932955423047,-0.8922860678536728,0
-0.9697061273602536,-0.2603206684394419,-1.0604985184694018,-0.8334109925415764,-0.7949501800350032,-1.180036540837631,-1.028230212111722,-1.1202824439222174,-0.7682806876908155,-0.9117958989741644,-0.5346745338463988,0.6274768087200242,-0.70779533762828994,-0.4206783048426955,-0.3090668990915478,-1.0729811495978805,-0.8256034764988742,-0.8868531888311543,-1.101123841102584,-0.5815807231070627,-0.8667453792515808,-0.4144348243793316,-0.8184265474198977,-0.7160413124698101,-0.887710793504619,-1.1784618127482385,-1.1832682302580426,-1.2868280919197788,-0.8595078042471503,-0.666388298821986,0
-0.2432689733235187,-1.057802992438302,-0.26951884860811576,-0.3929626355505123,0.7067426226226889,0.18478519583646583,-0.5771378100743936,-0.5393714287165223,0.417232789814764,0.5725470879466134,-0.4513750771238057,-0.6552242912377072,-0.6202519484927359,-0.4307901938805599,-0.7879982583364322,-0.3701179622747383,-0.4602692830996265,-0.5401917396979843,-0.40795393214823583,-0.6231517925787955,-0.521221578672625,-0.731701056873511,-0.24108927797536345,-0.3194535776970607,0.4524882478431016,0.12098246372908616,-0.30767503723408857,0.34676654424128595,0.5919820267458832,0.23775644830728956,0
-0.6604028078680501,-0.08129402427643266,-0.6353778114107606,-0.6333621903985382,-0.4529453324600273,-0.347851256059238,-0.4722705238189484,-0.813062701574181,-0.9141900387684254,-0.1398808914628823,-0.8108969747533528,-1.0810390006499049,-0.7290629406386223,-0.5864253555937765,-0.100575222535708,-0.5030181279877023,-0.0942062764745188,-0.8996564868589806,-0.7261104523140186,-0.6189946856316222,-0.6019127656341776,0.25426477333917,-0.6967095663875194,-0.6868856154050287,0.5795005752910889,0.12098246372908616,-0.1274467345149738,-0.10810847551300563,0.15718162080253598,-0.17694313258666466,0
-0.18084078039848656,1.6926972678842962,-0.09790671420012594,-0.3418137940934855,-0.27803225033228446,1.1769696991899996,1.309595267160237,1.2494149412505289,-0.779223889021636,0.8459041456524438,0.017770347967508825,1.6099866959120686,0.200281851371015,-0.25998719861054664,0.7180710090525577,2.7491271035765945,2.3887278725346954,1.6780201603888305,-0.21681807592696736,0.7668336030305966,-0.23983692670413412,1.9040491823089043,-0.20716327348223096,-0.3512438257014308,0.5094248084232333,1.7201029330941873,1.3503294816632985,1.0359250189860825,-0.8384951452238659,0.9608507776096988,1
-0.6490522273362264,-1.4298064088809188,-0.744435882437421,-0.6359196324713896,0.3156767885972479,0.07875021074524866,-0.2555113484009946,-0.3973715310286034,-0.5895417326207429,0.45498938955498713,-0.7156975956418177,-1.549453308492016,-0.7928657496696192,-0.5334478499823567,-0.5318798888932361,-0.7269381550923181,-0.3979888801625041,-0.8228366986920228,-1.0914460762306208,-0.563440620064852,-0.5294975978481686,-1.3515904649775232,-0.3913755259493272,-0.4936852131685255,1.6919533743182824,0.07839857205680416,0.8542223185933955,0.11400441038708328,0.2687103494645836,1.2598331189751666,0
-0.4248782618327022,-0.9880523518553116,-0.4987465677094357,-0.28810751056360745,0.10450123822350994,-0.8785942260783134,-0.8652719686016156,-0.822855797966451,-0.34149583578880627,-0.6497697037639129,-0.4834688072030732,-0.05049126841987328,-0.6880115208744924,-0.507288832688751,0.6717765313508616,-0.908084431383434,-0.6163015691814596,-0.8913910666131686,-0.08737797076446241,-0.7527779455679259,-0.6122577896036072,-1.0733723841749354,-0.7184341131243495,-0.5558606153428183,-0.16943418310910843,-1.0458797261387152,-1.2715129923074815,-0.8591847205052925,-0.33904040382425843,-1.0871782607437552,0
0.3526365045972407,-0.32774628766966685,0.1473710606371925,0.7843131986520543,0.13863062010209343,-0.7036365006778047,-0.7235255170840881,-0.6751862128935336,-1.0783380587307356,0.006003963167689828,-0.28044891917354964,-0.12118847432483612,0.1122438668166162,-0.129631759491991,-0.7476987489702077,-0.810140359677325,-0.6991212539382713,-0.7960956331908665,-1.000717030555968,-0.30607790815348834,0.9622548585436108,-0.01419126954052022,1.039766189905707,0.6189734669844271,0.06269179464066024,-0.318203642920868,-0.6067773268530448,-0.974957258977873,-1.0162945677285802,0.8218793559750093,1
0.12846253909371713,0.3558099900436419,-0.02424107377079733,-0.2790143831934692,0.06183951087527981,0.2056134964793836,0.26217679798204646,-0.15151326897002873,0.12906182143648506,0.7524245300639224,-0.6071558793063175,0.9410823631189608,-0.5979951546447138,-0.4692593369593917,-0.0196431500068436,0.1458473869638281,-0.04053912075210482,-0.06420077377740449,-0.7720798354558427,0.6886044086610629,-0.08673057195657284,0.9994336681203716,0.03984184695022447,-0.30663209645772915,1.210182477101781,0.9618554291384775,0.6241436342711213,0.10944044697817742,0.33013196814803086,2.129096592945137,0
0.5682975347018965,-1.0833782273187318,0.4004680933971776,0.15830821126410982,0.034109388098930285,0.4953162236036025,0.7965483762693627,0.961807162993328,0.7455288297393863,-0.30417839764876914,0.05779735963940422,-0.4592661384601058,0.6177203848761423,0.23329712749744516,-0.16951735839362966,0.3267703016318966,0.3825038289856893,1.4235748704687383,0.7824111471032096,-0.596319556828859,0.24637919985906745,-1.2067869024545386,0.09340922246569708,-0.1810518350040021,0.1021094135038278,0.07458508922048045,0.5067076391482941,0.6495094503653798,0.1862760717578524,-0.6287386706500382,1
-0.6320263565384902,-0.7299749816982464,-0.4320771054214395,-0.5790875864080265,0.6854117589485733,-0.4944067533103136,-0.2157470783735113,0.09640669759218168,-1.235190611139167,-0.7885727693347482,-0.06913514584264248,-0.55407290432753,0.07020325621479655,-0.2437202466800692,0.5115776552752082,-0.29752543478446364,0.4490908555301658,0.3912076750604672,0.2489243585362506,-0.5721327527725779,-0.5377736170237127,-0.5950325259529413,-0.317571586350232,-0.4597873244124845,0.9298794096303614,0.0034000762757701547,0.5479300700893681,-0.14157754051164909,0.08767821018705622,-0.666388298821986,1
-1.125776609672834,-0.7253249389927129,-0.8427939163067485,-0.8996203262053944,-0.5439570174695846,-0.4830458620505402,-0.5886782291359977,-0.9731025136689134,-0.779223889021636,1.1291757080419056,-0.8455149307939109,-0.026925533118219266,-0.6880115208744924,-0.6156619043336887,0.5651993164980358,-0.2768644846526164,0.22315875551358355,-0.1144415635068496,2.3804520715860957,-0.14961951941442128,-1.1957171414794487,-1.2978992564015854,-1.0428143315235985,-0.8258142682860051,-1.001583914664883,-0.7535762667344984,-0.7563284716625229,-1.1375864884485547,-0.5119907511697533,-0.3181292382314687,0
-0.7937721291169821,0.1698082818223333,-0.6415509097707605,-0.7149161764994643,1.3253376691720222,0.3779203472526117,-0.08917878670874547,-0.30433711530203594,3.076430713204203,0.5102273442209323,0.09277591938871815,0.3156840031904457,0.30216850765307207,-0.2806506240357477,1.188676023387065,0.4579952551720084,0.2347535113795373,0.2194165875984942,0.8150736035460845,0.9138440214351786,-0.7115700197101336,0.2249786595704765,-0.6127873447466126,-0.610308001427651,2.3051163344120105,0.8646116168122212,0.2775876160106961,0.08966327220625155,2.3683598934066223,1.0605115580648543,0
0.2362930541460453,2.6575811292823333,0.4292758857438426,0.780050795197302,-0.7913950360893177,0.08632413825176413,-0.14286682321272928,0.32216334074030695,-0.2794843615808229,-0.5577064459873372,-0.6421344390556316,-0.4313498058719924,-0.7528035207431791,-0.4784919312983113,-0.7700133533300182,-0.4851491981439424,-0.5566713961565553,-1.1059678588769914,-0.7490951438849308,-0.4296573601285483,0.4594866936293212,2.0927819154849288,0.08448132654645137,0.35727474031861817,-0.7475592597689098,0.2703438748184339,-0.11162882496781748,0.578007356959187,0.18142699659863343,-0.4571006598661591,1
-0.12408787773936684,0.4929862498568568,-0.18391855134945428,-0.4191053767396595,1.5599771695872864,1.8188600553671896,1.3698061492207798,1.1058687651848829,0.18013009431364793,1.4237781329269452,0.8511255189021958,-0.05592951502794753,0.7656044151107784,0.0695284898189897,2.92388630270963,2.5173894196653333,1.6705155663236249,2.0750844663150887,-0.671673024909227,7.205058507761863,-0.4508754156805023,-0.1264547056538455,-0.1238362449026075,-0.3656460375045156,1.7883075537615818,2.144670688871567,1.9451787467548447,1.4375537989698048,-0.9241621397034102,2.0183623924394083,0
-0.12408787773936684,-0.11384432321516176,-0.3818692387601092,-0.3994983208477992,-0.5404018735238981,-0.9774339800383408,-0.6396066002122066,-0.4986527647697144,-1.570782118617669,-0.5166320694408655,0.23701740289104384,0.5676560960312098,0.4154308585685628,0.1928495713459876,-0.3280509654872075,-0.597388413725059,-0.4364172138896647,-0.0204426665936945,-0.9716837359400792,-0.2233136880234022,-0.43432337732941456,0.08668312232942423,-0.40566015942012,-0.3932210040055437,-1.0366217980988102,-1.0015162091428154,-1.0399483831489595,-0.6048198265156017,-2.157443588531567,-0.839687322613452,0
-0.850525031776102,-1.42283134482262,-0.8316823392587487,-0.7544144485135018,-0.678341458616509,-1.1101670595900257,-0.9544593376537944,-1.1120356259076742,-0.07156353629522856,-0.5506246569276014,-0.4282964397634337,-0.22088966213952685,-0.4283489259809003,-0.4496950299078715,0.7880123062997244,-0.49240845089296975,-0.7213169294530969,-0.6826486886405072,0.3674769782177972,0.06088125963789836,-0.8150202594044317,-1.6314355521005943,-0.8577092894645776,-0.7562621234808639,-0.41907910257584063,-1.061832796004003,-1.304682669297276,-1.3511799759853524,-0.5992741040357044,-0.8192014955198917,0
-1.097400158343274,-1.064778056496601,-1.0823101326747335,-1.0277765900782785,-0.8525435119551139,-1.175302836146059,-1.0097028219443425,-1.031165266752558,0.26767570496021426,-0.7559965396599609,0.016688536841241303,0.5640305982924938,-0.1825350028149665,-0.398256290019605,-0.12588731106325424,-0.8268924814058498,-0.8825171638637551,-0.7631960192712623,3.700257256000046,-0.4417507621566889,-1.1688200791589316,-1.0636103462520372,-1.1499490825545429,-0.9320744895160817,-1.5442331343478328,-1.20439349603524,-1.2117884005021575,-1.206198071695774,0.10869086921034106,-1.2117542363127007,0
-0.4050147459020107,-0.49049778236331154,-0.5399005567760999,-0.5316328279451183,-0.678341458616509,-0.8128904049592912,-0.9090502974331351,-0.8816143763200728,0.5485512057846136,-0.3693308569983456,-0.5754227529358058,0.215982815375755,-0.6860331391991126,-0.4244153073132106,-0.853942910026618,-0.7850121770845377,-0.8671789582467936,-1.0931645608491651,-0.29907907733865263,-0.4270119284348927,-0.4529444204743882,0.3258530514404209,-0.5252939647380079,-0.5377700322243094,-0.6336861386086458,-0.6302736550266965,-1.090805358996029,-1.0184670434761096,0.493384165175087,0.07165514754869617,0
0.0802225718334652,0.1326079401780716,0.0823477579118631,0.038108433840096656,1.2684553660410485,2.2638282963749767,2.9014204616358343,2.5946771298729185,1.2926888962804224,1.3770383251326843,2.9166635626555006,0.4516401683922968,2.914126914573186,1.6456642376774129,1.3085753900964938,1.9249227145331709,2.3887278725346954,2.1982554346840506,0.6493418801137186,2.126963412383017,0.7243193072467247,-0.12808171197432816,0.03984184695022447,0.2624309064934257,1.3897516297006582,2.15738229832598,2.7643547290606083,1.627718941007552,0.6534036454293304,1.7858205713773785,1
-0.06449732994729063,-0.26497071114497533,-0.4394848234534388,-0.14631155563551657,-0.45010121730347874,-0.9475169663876044,-0.6690848445543474,-0.6076653903994597,0.4026418547070037,-0.9231267614697434,-0.3082154047477475,-0.03417652859565133,-0.5228166509802834,-0.3802307486912381,-0.4376256645077685,-0.7196789023432907,-0.14290425111152402,0.19024451614268756,0.698940425082529,-0.8601068885676723,-0.3184591088718005,-0.5218172415312077,-0.4178616171764218,-0.3812777064127418,-0.7738376723443555,-0.9978934004483078,-0.80665818385802035,-0.5179523896327586,0.44489341358289197,-1.2322400634062602,0
-0.6887792591976104,-0.4835227183050122,-0.7300319862640882,-0.7160528174207317,1.2115730629100756,0.23401572462881684,-0.6853919584457443,-0.7372950610655635,0.7236424270777453,0.7977479800462364,-0.3514878497984453,-0.7895489824571362,-0.6024465134143183,-0.4525527376794419,-0.5495317401032354,-0.4728643088763574,-0.38805051799168666,-0.7273791982060774,-0.30996656281961094,-0.15264286992145645,-0.5729466985197741,-0.90090971420374,-0.7226004645533307,-0.6415713392441035,0.3386151266828381,-0.1904519679040217,-0.7448245374464091,-0.9054328830488728,-0.07719034522640618,-0.051813486015191215,0
0.3781753107938452,-0.5207230599492739,0.20087124642385584,0.1617181340279114,1.0338158656257843,0.1658503770701773,0.10249252118398212,-0.12471111042276274,-0.5202347908588788,1.075354111187907,-0.5505410970316547,-0.39527610337176783,-0.3576217810860744,-0.28416780283152665,-0.7693472457371879,-0.12665379315350986,-0.44006128001896433,-0.29158086406905354,-0.0716516028475228,-0.07403575673854348,0.4636247032170937,-0.09228757292370296,0.950487230713253,0.16618197883378602,-0.08621920995353162,0.3567828191084394,0.18795279524347688,-0.4907207412929532,0.14263439532487732,1.0383647179637088,1
-0.07868555561207081,3.317887193467979,0.07782081911453007,-0.1656344512970599,-1.5678384738271016,-0.828416956347648,-0.7767117962375674,-0.8445036952546277,-0.30866623179634467,-1.2191455441667298,0.100709200981346,0.1906043312047428,0.7196070411581992,0.6023810773794941,-0.100575222535708,0.004571160386601564,-0.3675112361719974,-0.7273791982060774,0.6287766297607974,-0.3756149698152957,-0.19431882123864283,1.985399498333053,-0.18335555103091003,-0.11975461647623883,-1.5078813302851333,-0.49870849717352633,-0.8635547251685494,-0.7520837125096331,0.0860618518006499,-0.8895177128410299,1
-0.07868555561207081,1.2555932535642216,-0.0913220759494598,-0.2517350010830552,2.2354545192675928,1.1977979998329171,0.07113268677744945,0.1819674344930694,0.9753360576866216,1.5285886110110467,-0.43586911764730574,-0.7763159157108227,-0.3279460559553781,-0.4244153073132106,1.954699755141748,0.6059723304406448,0.3695839581636266,-0.20844046042000444,0.4594157445014455,-0.17796343041787543,0.08292782114207654,1.5607508486869974,0.03388991633739456,-0.23093266612688107,3.951896855806595,1.3489239370253403,0.2056880271599854,1.2473886569320574,1.4518846883141396,1.25429640894988,1
0.33844827893246104,2.3251030758367444,0.274536886853185,-0.04031978972734417,-2.406852445008957,-0.828416956347648,-0.7440975684547734,-0.7372950610655635,-2.3513971468828814,-1.4188519956513004,-0.6230224424915735,0.09271589225940984,-0.4006515825255838,-0.36088626531445406,-1.046448004354534,-0.6794738101948309,-0.5092985364756589,-0.7960956331908665,-1.133786297545459,-0.6035000142830673,-0.09707559592600244,2.4409612680682846,0.06364956940154581,-0.023681325545904904,-2.0452748674529944,-0.7415002377528064,-0.9974796926678065,-0.8474705477557674,-1.633743471335862,-0.980873428258256,0
0.21075424794944084,-1.2089293803681151,0.5403916562238356,0.4686111827700722,-0.1237390030895203,-0.055687002495401774,0.39639688924200606,0.7316693977749769,-0.1299272767262721,-0.7602456130958023,-0.18524954006201472,-1.0786824271197395,0.1488439278111415,-0.2509744279463632,1.871436306037978,-0.45387857091736256,-0.2697840081589596,0.3912076750604672,-0.3414192986534906,-0.5921624498816856,0.3394844155839356,-1.2425810415051644,0.5546838449600417,0.4521185741438107,0.3780327455460057,-0.3906598168110196,0.2382825074389744,0.8913995110373943,-0.5168398263289732,-0.7566366722341554,1
2.872465382662167,0.25583407187468865,2.2729745959303984,3.370455454765392,0.0817483169711206,1.2432415648720103,1.371060542597041,2.1153308327775844,-0.6552009406056672,-0.5208811428767077,0.9160341864782424,-1.302919462259326,0.6978448427290221,1.2853732347848108,-0.9715109001611412,-0.42316634774840034,0.3967488147638609,0.3085534726023481,-1.0091850748189355,-0.29700785663238294,3.049880695574547,-0.03696935802728192,2.402758300243835,3.557375948272335,0.3429948621120786,0.8283835298671456,1.0392439272358909,1.6748798962329137,0.05211832568611364,0.8495629061014415,1
-0.1978666511962227,-0.16731981432878804,0.022262933874533614,0.038960914531047296,-0.4117056626900719,0.49720970548023113,0.9884705628373428,0.9038217238285698,-0.5202347908588788,0.8345732831568659,-0.8188302563459806,-0.041427524073083394,-0.70779533762828994,-0.5558698648054472,-0.17584538052551615,0.26869627963967724,-0.11077021342588114,-0.3894693705096495,-1.2817351280255929,0.289144222919049,-0.17155976850589735,0.4560135570790588,0.23030362656079276,-0.01981731750117496,0.5576018981448843,1.1105812597551046,0.4515846210294158,1.2473886569320574,-0.7156519078569723,1.879944641807248,1
-0.983894353025034,-1.0671030778493678,-0.9860097982587396,-0.844777401754249,-1.3616401249773238,-1.00754034187674,-0.8936212589051212,-0.6852370223487585,-0.6989737459289503,0.1972122677805769,-0.9003266945247946,-1.020674463300283,-0.8388631236221984,-0.6308297378904852,-0.2041549532207979,-0.810140359677325,-0.7800526498826277,-0.8547639102297668,-0.740627099621963,-0.2573263812275471,-0.9826096477091948,-1.2978992564015854,-1.01751862641907,-0.8375819291495011,-0.8044958203490415,-0.5826051195726494,-0.890732769754118,-0.7797717571903292,-0.309945952868942,0.20010682013534176,0
0.8974643701247923,-0.7160248535816477,1.3511252408371206,1.1966296928417537,-0.34131381256549226,-0.13653867862745517,-0.107869248015039,0.09640669759218168,-1.114815396500138,-0.5279629319364445,-0.6518707391920386,-1.0810390006499049,-0.6781196124975937,-0.4149628892995548,-1.4038147279079147,-0.5901291609760316,-0.3612169401304796,-0.5764947619540993,-0.4418261092001065,-0.6208842796985192,1.2912266207714789,-0.01419126954052022,1.3343867552408046,1.274098467295479,0.010134969489768922,0.7508427121952289,0.4515846210294158,0.5704007512776771,1.1302293694192462,0.4686372563617345,1
-0.6887792591976104,-1.3623807896506948,-0.8304477195867487,-0.6421711575383596,-0.5567555356740536,-0.4716849707907669,-0.7989145589973926,-0.96485569565437,-0.7026214797058913,0.5102273442209323,-0.6680979060860501,-0.5857960095412952,-0.6860331391991126,-0.5549905701065025,0.1498812323684319,-0.5035765320453198,-0.1969026855729652,-0.443923903893822,-0.2785138269857313,-0.09935631723496262,-0.6970869861529317,-1.2978992564015854,-0.6267743816867636,-0.7104209371320208,0.23350147638105548,-0.31121225772094097,-0.2453620602301393,-0.8019830457803382,-0.07234127006718633,0.659100081231588,0
-0.41069003616792255,-1.127553633021293,-0.2761034868587819,-0.23468538726404625,-0.355534388348236,-1.19897135960392,-1.0677185155964275,-0.8981080123491596,-0.9980879156380508,-0.7234203099851728,1.4818214055161154,-0.5567920276315671,0.4436227974427242,0.4412503237978729,-0.7097306161788886,-0.9485687255607022,-1.0565710133486703,-0.4341998800752198,0.031174648917083797,-0.0986004796082039,-0.179835787681441,-1.498021033820991,-0.5571367935166496,-0.23725558838189395,-1.2556085695608563,-1.1950504630862469,-1.304682669297276,-0.9828681288866434,-0.9613383825907597,-0.6697103248371582,1
-0.31988539191333054,-1.0833782273187318,-0.4411309830161056,-0.5364635518605041,0.05544025177304584,0.2112939421092704,-0.5358682679953966,-0.704823215133299,0.7455288297393863,0.7113501535174507,0.1349665533131484,-1.035357729142083,-0.11081866708245058,-0.21470352161489328,0.03930737195862552,-0.4293087923821928,-0.10248824495019997,-0.14523430559908992,0.18480916625949603,0.06088125963789836,-0.297769060932941,-1.2946452437606195,-0.5523752490263855,-0.5874752266178824,0.2948177723904289,-0.09130141415960362,-0.08957961772026624,-0.3606477841391342,0.532176766448843,0.8202183429674231,0
-0.3539371335088023,2.3576533747754733,-0.3736384409467762,-0.5861915921659469,-1.1853049852713071,-0.12593518011833332,0.3349316138052022,-0.6380755318280884,0.005038873020516231,-0.7234203099851728,0.4295797833666488,2.58524558762668,0.4436227974427242,-0.19799692233494348,-0.12588731106325424,0.9421315731263772,0.6369259005586148,0.6829283896185343,0.40376859648765817,0.004193437630989891,-0.5150145642909673,2.2229424211235678,-0.46131071065008256,-0.4525862185109421,-0.900849999792342,0.2398360121278436,1.5219298337203282,-0.4540569019080756,0.05211832568611364,-0.3840160875323779,0
0.02063202404138901,-0.27659581790880644,0.0823477579118631,-0.12556785882238883,0.4721031222074237,1.0330650765662046,0.11528733362184736,0.16959720747125429,1.5954507997664629,0.0017548897318495531,-0.5433290228565384,0.05827366374160773,-0.23397292637484005,-0.4470571458110373,0.46561623136992736,0.9181201986488248,-0.017349609020197457,0.8628228302626758,0.985644209414432,-0.14621825009400682,-0.2646649842307655,-0.18177292055026653,-0.3562591353336285,-0.29714771307521,0.4481085124138612,1.003803740338039,0.08633470966780585,0.8913995110373943,0.8021086169787278,-0.21902212877884145,0
0.12846253909371713,0.5301865915011185,-0.1913262693814541,-0.18808310949208823,-0.9279125636036536,-0.9478956627629304,-0.9455531446823392,-1.0046208212682464,-0.6989737459289503,-0.8877178161710606,-0.7975546375293876,-0.5439215106591252,-0.7068061467906,-0.568839461614882,-0.908230678842276,-0.8380605625581998,-0.9150487360362308,-1.9117652993118304,-0.4055344909302452,-0.5944299627619619,-0.014315404170564207,1.0270927755685817,-0.2315661889948348,-0.1243211714381926,-0.3490033357079864,-0.30167855063013155,-0.7817329930564406,-0.6448305724003437,0.8182722008427928,-0.024129935888758988,0
0.8548996931304528,0.21165866617212764,1.495164202570446,0.7843131986520543,-0.6051054933353808,1.279217720527959,0.858013651706167,0.4046315208857407,0.8841427132631156,0.22553942401952384,-0.4704870736878639,1.1386719898789843,-0.2878838270289382,-0.2826290371083734,-0.8955746345785031,1.343624090553357,0.8443063911896713,0.9163049612649882,-0.561588449490648,1.3091471002300192,0.8401835757043383,0.9831636049155416,1.1349970797109914,0.7085481989304422,-0.44097777972204527,1.671163236694699,0.6236643036787832,0.8913995110373943,0.5548057838585342,0.8185573299598371,1
-0.12408787773936684,0.5325116128538844,-0.14523380162679,-0.0110512860047123,0.1990680671787527,-0.0922312027143392,-0.7375747228982147,-0.5393714287165223,-0.8157012267910385,-0.2361932226752992,-0.5379199672252012,-0.5602362504833471,-0.5188598876295238,-0.4077087080332608,-0.802652625378696,-0.6258670206635514,-0.6037129770984242,-1.002244938145234,-0.8337755865146067,0.008350544578163227,-0.12604166304040604,0.1354933119439135,-0.2645994038960427,-0.23760686184050583,0.15028650322547868,-0.283882297393954,-0.5842487890131555,-0.5979738814022427,-0.7495954339715086,0.31305570465118515,0
0.4689799550484367,1.2811684884446513,0.8408157764104848,1.1966296928417537,-0.6762083722490972,-0.5309509535292507,-0.17485385430739273,0.05414175526764695,0.42088052359170486,-0.8721378802396395,0.0938577305149857,-0.38222431151239017,-0.1978674607991594,0.08953244421998216,-0.7690141919407728,-1.0673412686159438,-0.7936682060566477,-1.1741980926708504,-0.8519213956495374,-0.8007736348671082,1.0988091749400837,1.5916639687761736,1.5635360838347698,1.263560263537124,0.23350147638105548,-0.4167186161925653,0.19082877879750523,0.6221256699119442,0.7859450331146629,-0.2444909948951592,1
2.163054099423168,-0.8834263909808254,2.1577434265437394,1.932604689362306,1.190242199235961,1.8264339828737053,2.870060627229302,3.669340602393103,2.4927933088937637,0.3133536083602563,2.1262202330627558,0.15797485155629845,2.154428351227363,2.485390675169626,-0.112565159206651,1.8796919858661527,2.3456616364611538,2.5693890104273693,0.7437000876153576,0.8284343696114369,2.154001619821925,-0.43070488758416087,2.075402116538171,2.343726148768483,0.6451966067297027,1.8167111649477228,1.4289396988067429,2.414241968475675,1.2740852658094248,0.7067157874490514,1
0.08306021696642114,-0.3881968428415916,0.28606000379185104,-0.33414146787493165,3.2806668392992244,3.2692671728649128,1.0160672171150915,2.1153308327775844,2.864862154141668,4.563843402014125,0.7411413877316725,1.5628552253087604,1.069780597700415,0.603260372078439,0.7753562620359515,2.294586200675953,0.6647533146369036,0.6602390007084622,-0.07890992650149473,1.707473529531895,-0.2688029938185374,-0.47788807087816754,0.03686588164380951,-0.2823942278135134,1.3809921588421763,1.7201029330941873,0.601615096431232,1.2473886569320574,0.6356237031788591,1.3318103493038902,0
-0.3993394556360983,-0.2951959887309377,-0.5427813360107661,-0.5790875864080265,-0.5482231902044069,-1.1539064909401526,-0.906039753330108,-0.7795600033900985,0.9972224603482628,-0.5506246569276014,0.1634542463048578,-0.14112871188777412,-0.4303273076562801,-0.1894237990202324,-0.3413731173438107,-1.0381367364025489,-0.824543384533987,-0.6761660060947724,0.2416660348822787,-0.8378096785782883,-0.6143267943974932,-0.245226167049102,-0.6053474314805748,-0.5908123244746947,-1.0147231209526055,-1.2207914722314324,-0.7654357529169463,-0.7969626860305417,-0.1256810968186011,-1.098805351796857,0
0.6023492762973688,-0.6067488500016293,0.11938634807186112,0.01111321195999918,0.06397259724269147,0.1563829676870329,-0.4937206505530167,-0.4167000107501895,-0.17005234827261545,-0.16112625864209154,0.4126314090551253,0.05827366374160773,0.15527366825612585,-0.13117052521514425,-0.0902505548468406,-0.41758230717222544,-0.11971473937961678,0.5176199847022962,0.06141766414196811,-0.1363923609461427,-0.12604166304040604,-0.5885245006710096,0.03686588164380951,-0.22952757229243384,-0.292066775127854,-0.4218032599743303,-0.1916770338882754,-0.4745947372481523,-0.20326629936611249,-0.5617444793440721,0
-0.7171557105271703,0.1326079401780716,-0.7563705392667532,-0.70639136958996,-0.6143488675941633,-0.7191630520661616,-0.8665263619778769,-0.5270012016947073,0.22755063341387197,0.912472962813967,-0.47156888481413145,-0.1393159630184163,-0.3210217200915489,-0.4692593369593917,0.014994444820324658,-0.5890123528607966,-0.5305003757734028,-0.6952899196046901,2.2086717451087527,0.833347314185369,-0.7260530532673354,-0.6145566017987372,-0.7297427812887273,-0.7169194961163396,-1.0410015335280514,-0.9112002239692142,-1.1935738379933112,-1.3126905512369125,-0.38914751380285967,0.24606151334521903,0
-1.026459030019374,-1.9924615762503768,-1.0473292419680695,-0.94821172558957,0.7920660773191481,-0.9768659354753524,-1.1138927357766064,-1.0561634338591426,-0.9506673765378278,0.41391501300851546,-0.6003044088399571,-0.33690558977844,-0.643992528597293,-0.5272927870897436,0.285101073712954,-1.0729811495978805,-1.0565710133486703,-1.053296063192896,-0.2652069002867819,-0.6454490025681795,-0.8998494559537562,-1.6330625584210774,-1.0309104702979377,-0.8258142682860051,-0.41907910257584063,-1.2959806421542823,-1.304682669297276,-1.574509918794483,-1.4915039333320903,-1.004681281366988,0
-1.5633414891746489,-1.4344564515864515,-1.535415552298707,-1.2306669945244846,-0.13653752129398922,-0.5387142292234293,-0.8665263619778769,-1.0046208212682464,0.9753360576866216,1.5427521891305205,-0.7275975180307596,-1.161343775562465,-0.65289524613650185,-0.6279720301189149,0.30575040909068935,0.15254823565523798,-0.7936682060566477,-0.5839498468816943,0.1001287236298201,0.9240478293964222,-1.5114472730264468,-1.8836215317754552,-1.431475400541414,-1.091377002996544,0.1108688843623099,-0.5946811485543412,-1.094544137616266,-1.4359175632773726,-0.423091039917396,1.054974848039568,0
-1.00092022382277,0.08610751312274464,-1.0349830452480704,-0.7640758963442734,-0.13938163645053778,-0.4381703415744359,-0.7767117962375674,-0.9370226848552862,-0.15546141316485407,-0.06339756961772688,-0.4477690400362475,-0.2607701372654032,-0.07669158318214993,-0.433428077977394,-0.154196883758536,-0.13056262155683238,-0.379105992037951,-0.7776199879355223,0.7945083531931633,0.08922517064135234,-0.8584693600760371,0.5276018351803098,-0.8627684304854834,-0.7195540470559283,-0.5460914300238273,-0.4796410829919076,-0.7453038680387473,-1.257618726102781,0.6049128938371355,0.08771160662202677,0
-1.334911055971691,-0.10919428050962916,-1.2856108386640552,-1.0422687618244355,0.6427500316003433,0.27377884403802344,0.5255994069969209,-0.652249750290585,0.8221312390551311,1.04277788151312,-0.6904553360289107,0.9537716052044672,-0.5787059333097613,-0.5789513506527464,2.1345488052058914,1.6317605842839846,1.5694755509203142,-0.31135304583354484,2.2086717451087527,0.550664041777586,-1.3010294854882445,-0.26637724921538103,-1.1972669309265431,-1.0179608501466728,0.4700071895600658,-0.01757407932401074,0.23780317684663607,-0.747976145441618,-0.02708323524780493,0.4846937154350651,0
-0.3312359724451543,0.4976362925623894,-0.40409239285610754,-0.4012032822296999,-1.0928712426834752,0.01815879069312458,0.1066320193256444,-0.6076653903994597,-0.6004849339515634,0.6915211441501882,-0.5206109892049222,0.2594887882403474,-0.3541596131541597,-0.4940994122045802,-0.7690141919407728,0.4133229305626086,0.4865253530402449,-0.7111724918417405,0.6251474679338114,-0.01734793473163518,0.012581658149953105,0.7505017010864766,-0.06729290408071992,-0.10693313523690716,-0.0424218556611224,0.6701239921597092,1.270281272742841,-0.4639454892940384,0.640472778338078,1.0605115580648543,0
-0.6972921945964783,-1.0136275867357414,-0.6897010769787576,-0.6333621903985382,-1.478248846395819,-1.2536929858384946,-1.050859468619476,-1.0577612548494604,-1.548895715956028,-0.9726992848878986,-0.6493465132307479,-0.9744493671316538,-0.7503305436489546,-0.5389434418507613,-0.481255711838144,-1.082194816548569,-0.8825171638637551,-1.9117652993118304,-0.5978800677605094,-0.7924594209727616,-0.6101887848097213,-0.8667425814735974,-0.5964195355613294,-0.4748920831327928,-1.2950261884240246,-0.982003888630292,-1.110889310814994,-1.1421504518574606,-0.7528281507443216,-0.9614949431697534,0
-0.799447419382894,0.07680742771167942,-0.7588397786107532,-0.6336463506288552,-0.6562995661532565,-0.8685587721321802,-0.764795059163085,-0.7537886970946504,-0.3196094331271652,0.5527180785793508,0.4771794729224162,-0.08674624580703362,-0.2057809875006784,-0.30549069928093625,0.06428640668975634,-0.5415480079633095,0.03797394039735268,0.13352104386750757,0.02996492830808847,0.478481548422123,-0.6639829094507563,-0.2517341923310343,-0.8211049161956714,-0.7738257964114551,-0.5855090488869961,-0.9804784954957626,-0.7242133219758722,-0.7695789055771061,-0.962954740977166,-0.43495381976501263,0
1.096099529431712,0.6650378299615667,1.050701120650472,1.0943320099277,0.13294238978899636,0.1696373408234349,0.584555895681202,0.2909800601228147,0.537608004453792,-0.9670338536401096,2.4046062962222443,0.4026959489196305,3.553144195720846,2.720602007137341,-0.3736793355960734,0.27092989587014715,0.5557626094969393,1.833604541486466,0.13763006250867676,-0.7709180486101365,1.661578478877066,0.38767929161877374,1.637935216495148,1.2811239364677154,-0.29644651055709564,0.01738284667562385,0.7760914320422898,0.91878329149083,0.6049128938371355,-0.9327040510382636,1
0.26466950547560514,-0.5718735297101343,1.1371244976904666,0.16455973633107956,-0.10027505304799308,-0.3864782863424672,-0.25124641092170624,-0.5465873944792479,-0.8084057592371579,-1.0987551301512093,0.05419132255184607,-0.4043398477185579,-0.06482129312987142,-0.0876454376173802,-0.7097306161788886,-0.2712804440764414,0.2741756813237796,0.6602390007084622,-0.5603787288816527,-0.7191431711771602,0.03740971567658486,-0.7089229683867493,0.5398040184279661,0.24662360085589363,-0.3533830711372274,-0.437692771792346,-0.10635618845209872,-0.14918414619315898,-0.7560608675171347,-0.7416875551658816,1
1.635252104693352,0.20700862346659504,1.7585497325970958,1.7223261189278625,0.3867796675109645,1.7241859615357458,3.595099998708337,2.5379802560229328,1.9310423072449656,-0.2985129664009802,0.49881569544776505,0.3827557113566921,0.6132690261065377,0.505438836820838,-0.8899127200394469,1.8378116815448409,2.6338741394148584,1.5354011443826645,-0.5023121396498752,-0.012812908971082566,1.5353691864500223,0.970147554351678,1.3314107899343897,1.303956711277484,-0.3665222774249499,1.920310782001185,3.0255899018848567,2.6728665616470115,0.8215049176156054,0.25658126239326384,1
-0.3056971662485504,0.16050819641126807,-0.6057469392827624,-0.26111228868350994,-0.628569443376907,0.3873877566357561,-0.04928907734363591,0.4340108100625515,0.5886762773309558,0.1448070287385272,0.32500470782746266,0.3156840031904457,0.1008681721831826,-0.26416384843053414,0.8353059453906657,1.2492538048159998,0.8416561612774532,2.3635638396002885,4.728519773646112,0.9138440214351786,-0.6660519142446423,-0.7072959620662667,-0.7693231198640483,-0.6500019022507871,-1.6169367424732326,-0.5285807793913959,-0.20318096810438904,-0.24487524566655355,-0.1871027155020475,-0.5318462452075254,0
2.236832872880024,0.6603877872560341,2.5322447270503834,2.375894648656538,3.0886890662321917,3.2806280641246857,2.812358531921282,2.6075627830206427,2.1572018014152614,0.8359896409688126,0.33942885617769525,-0.367722320557526,2.0302849010972834,1.421444089446507,-0.154196883758536,1.3006269781168098,0.700200139712819,0.9535803859029636,-0.5047315808678658,1.111495560832599,2.5098704443703106,0.9831636049155416,3.10806207786422,3.339586403933004,2.988355061373594,3.901415115471383,3.991920376038408,2.345782517342086,2.871047351579043,3.1312411075219844,1
-1.2407012375575517,-0.9183017112723209,-1.1530949938693962,-1.0638649393285138,-0.6228812130638098,-0.8971503484692764,-0.8809518858048819,-0.8558430700246247,-1.1549404680464814,0.399751434889042,-0.7517579665173991,-1.155180429406648,-0.8517226045121667,-0.6163213753578972,1.1487095678172552,-0.607439686762174,-0.6116636668350783,-0.5659604028172801,-0.49263437477791217,-0.5815807231070627,-1.1791651031283612,-0.7512251327193068,-1.2401208313389211,-0.9642160109790636,0.5795005752910889,-0.4764631806283045,-0.6446444436477524,-0.7969626860305417,-0.38914751380285967,-0.12046869032874336,0
-0.3482618432428904,1.3020936806195484,-0.3868077174481091,-0.4191053767396595,0.02202189868359922,0.775551541344677,0.3800897753506092,0.015227082761520242,1.1248931425411717,0.9677109174799122,0.1165757641666019,1.0027158246771335,0.06080594325674267,-0.27449556114313467,-0.1085685136496701,1.3469745148990615,0.9373957168563276,1.0880960487269609,0.6517613213317097,0.4055432174399008,-0.4363923821233005,0.9668935417107122,-0.3020965667568734,-0.4799855482826644,-0.5723698425992729,0.8531711683032501,0.764587497826176,0.34676654424128595,0.3608427774897545,-0.1896775656448239,0
0.02063202404138901,0.797564047069249,-0.14687996118945626,-0.14631155563551657,-0.5396908447347613,0.06170887385558877,0.6234420903453027,-0.018791041548471263,0.22025516585999125,-0.2361932226752992,-0.5433290228565384,-0.496608765168881,-0.462970605300046,-0.48398752316671584,-0.6654344612556832,-0.2238160991789543,0.12642536371762753,0.40903505206123775,-0.5761050967985928,-0.7323703296454388,0.024995686913269352,0.957131503787814,-0.03753325101656865,-0.15259868485644426,0.4086908935506924,0.2703438748184339,1.989277161249948,1.0359250189860825,1.1997327800347262,-0.11105628328575622,1
2.151703518891344,1.0509913745207815,2.0137044648104148,2.137200055190413,-1.0644300911179887,-0.8670439866308772,0.1066320193256444,0.29123777318576927,-1.3044975529010312,-1.4188519956513004,0.1850904688302067,-0.6227760864761989,-0.10339973579977646,0.20032357628701788,-0.9362071977411428,-0.7509495295698704,-0.13263461020167935,-0.5764947619540993,0.10375788545680607,-0.6794616957723244,1.7153726035181007,-0.007683244258588469,1.7450699675260923,1.8484305721258112,-1.663361938023186,-0.9347167014598772,-0.8157654651124437,-0.6748005987854926,-0.937093006794662,-1.307539319750156,1
-0.6490522273362264,-1.1763790814293862,-0.6897010769787576,-0.6782595067885951,0.9769335624948112,-0.5305722571539251,-0.7557634268540036,-0.5922026066221908,1.3729390393731082,1.065439606504276,-0.6598040207846665,-0.3912880558591804,-0.8126495664234166,-0.5143231902803089,0.7753562620359515,-0.750391125512253,-0.6123262243131328,-0.7174931073238319,-0.4127928145842175,-0.3824175084561248,-0.6536378854813267,-0.8634885688326315,-0.699983128224576,-0.5179230818127413,1.420409777705345,-0.5031575604825708,-1.0513564512466056,-0.5130841619965925,0.249314048827706,-0.005305121802785474,0
-1.3119261303947476,-0.14174457944835825,-1.3321148463093857,-1.1107513773307884,0.9271615472552094,-0.004562991826422112,-0.6137660966612237,-0.7226054164771581,0.417232789814764,2.7806489167724666,-0.54405023027405,0.28668002128071746,-0.5119355517656947,-0.4971769436508868,1.618315420762518,-0.022790638436655783,-0.5384510655100566,-0.1095795515975484,3.700257256000046,1.441796603726185,-1.1419230168384138,-0.4079267990973992,-1.171971225822015,-0.9642160109790636,0.3561340683998023,-0.46820063448293614,-0.8028235391193157,-0.8894590111177019,0.25577948237333215,0.6751565403049186,0
-0.7710709680533342,-0.47189761154118026,-0.8259207807894157,-0.6813852693220801,-1.2791607854374132,-0.6981454032355809,-0.4384019026598931,-0.7432224615135166,-0.4180982451045521,-0.07189571648941136,-0.4448842103662011,-1.003453349041382,-0.4476381473158528,-0.42617389671110006,-0.36002412994305505,-0.6537872235444262,0.08700319377338528,0.32962219087598627,-0.031730822750675486,-0.4610246216390377,-0.4363923821233005,-0.9822600302278884,-0.7312307639419348,-0.5808010309042578,-0.992824443806401,-0.6995519265532449,-0.15285125590889154,-0.4351925198179312,-0.1159829465001623,-0.3258806322668698,0
1.1074501099635368,2.3251030758367444,0.5691994485705006,0.7766408724335004,-0.5062724916453146,-0.6362285458698167,0.5883190758099859,0.9409324048940152,0.4500623938072267,-1.1015878457751036,0.6679388348542422,0.4661421593471609,0.14686554613576175,0.2983649352193548,-0.4775921200775782,-0.5499240688275718,-0.1548302857165049,-0.14361363496265628,-0.9341823970612226,-0.6851304779730153,0.8960467051392599,2.592272855873201,1.277843414418917,1.245996590606533,-0.15191524139214546,-0.4834545658282313,0.4496672986600635,-0.06246884142394625,-0.2808515019136247,-1.036794199513649,0
1.4309416551205203,2.0786508124435112,1.2400094703571272,1.3927002517603564,0.7636249257536618,2.1710476844201616,1.7812471766344882,2.318924152511624,1.110302207433411,-0.3735799304341879,1.983781768104209,0.4026959489196305,1.7340222452091658,1.290429179303743,-0.32538653511588683,0.7640006787463961,0.700200139712819,1.7882257636663224,0.731602881525404,-0.5350967090613978,0.7243193072467247,0.7635177516503406,1.033814259292877,0.5926279575885403,0.0013754986312868335,0.6459719341963251,0.2775876160106961,0.9720295312613992,-0.3842984386436407,-0.9996982423442295,1
0.8378738223327161,0.6650378299615667,0.19510968795452285,0.42683962891350047,1.1120290324308726,-0.13956824963006126,-0.3958779672046348,0.21753183718078767,-0.7062692134828311,-1.0463498911091584,0.1165757641666019,-0.28614862143641545,-0.29233518579854256,0.20911652327646515,0.14288710264371515,-0.750391125512253,-0.5238748009928578,-0.310056509324398,-0.9341823970612226,-0.7561792148883403,1.2974336351531364,1.3931691976772511,0.5398040184279661,0.5785770192440673,1.7926872891908234,-0.24066282524895125,-0.44620157841979097,0.854887803766147,-0.1984172242068935,-0.4344001487624842,1
-0.2432689733235187,0.34650990463257664,-0.25017647374678365,-0.30913536760705174,-0.5034283764887661,-0.6349031085561765,-0.7869978219229101,-0.7576543930389675,-0.5238825246358186,-0.3976580132372916,-0.6003044088399571,0.2486122950241993,-0.5233112463991283,-0.3417616056124063,-0.1085685136496701,-0.4388016613616902,0.3238674921778666,-0.14523430559908992,1.2675091113103536,-0.07403575673854348,-0.20259484041418688,0.32259903879945506,-0.33274900941294927,-0.4511811246764947,-1.0278623272403289,-0.6576036153536835,0.08633470966780585,-0.7297202918059941,0.17172884628019464,-0.3668522864539897,0
-0.2602948441212543,0.5232115274428192,-0.13700300381345706,-0.26679549328984625,1.4462125633253398,0.885373490189152,0.858013651706167,1.3705400808391346,0.4354714586994653,0.6504467676037164,-0.5714561121394919,-0.6912979937379318,-0.6657547270264702,-0.4573888585236378,-0.06227403594797396,-0.4281919842669578,-0.1833202572728481,-0.2068197897835708,-0.7261104523140186,-0.138659873826419,-0.032936447315537846,1.219079521385573,0.31065468983400124,0.2624309064934257,2.988355061373594,1.3381190689890894,0.9644683548311516,2.0719447128077304,1.151242028442531,2.765818245853078,1
-0.38798887510427454,-0.6067488500016293,-0.5497775141520991,-0.4054656856844521,1.6595212000664894,-0.1280180101826251,-0.5086479317305262,-0.01183278884870012,0.012334340574396929,0.27086287400183784,-0.4048571986943057,0.28668002128071746,-0.3957056283371345,-0.3327488349482228,1.0487934288927314,-0.41088145848081536,-0.3466406756132808,-0.5325745877067458,-0.02931138153268484,0.4694114969010175,-0.4322543725355286,-0.43070488758416087,-0.33364179900487384,-0.4971979477546437,2.3576731595629017,-0.21269728444924368,-0.2213955306132357,-0.24381032087114213,0.21698688109957603,0.368976475906578,0
0.616537501962149,-1.9692113627227128,0.9478161479838114,0.23304235183743216,1.9865944430695848,1.1675022898068552,0.30106299264614683,0.8919669229326637,2.857566686587788,-0.13704817583898682,1.2694258210589404,-1.161343775562465,1.057415712229291,1.4192458526991454,-0.6271332746679488,0.35245688828230154,0.47989977825969976,0.3685182861503951,0.5561933932210751,-0.1318573351855901,1.0698431078256807,-1.6493326216259074,1.3343867552408046,0.7735337887736297,0.907980732484158,0.9891853894654644,1.373816680687864,1.081564653075142,3.006821456037189,-0.06177956406070679,1
0.5796481152337213,0.39068531033513687,0.6926614157704932,0.255206849802144,-0.3697549641309787,-0.7112104281843202,-0.03197844875122998,-0.590656328244464,-0.826644428121859,-0.8650560911799037,-0.3947602948491428,0.2069190710289647,-0.33783796433227686,-0.2964779286167528,-0.8549420714158634,-0.4147902868841379,-0.2823726002419949,-0.8688637447667401,0.24650491731826,-0.4901243702692507,0.24637919985906745,0.5812930437562477,0.2660152102377744,0.2641872737864848,-0.6643442866133324,-0.4205320990288892,-0.1365540157693972,-0.3550188959348167,-0.07719034522640618,-0.6143432245842937,0
-0.5270334866191185,-0.813675750397835,-0.5703545086854312,-0.5930114376935505,0.4010002432937072,0.08632413825176413,-0.5380007367350408,-0.5295783323242521,0.4135850560378242,0.6886884285262928,0.09277591938871815,-0.496608765168881,0.0964168134135782,-0.30087440211147654,0.8452975592831182,0.26869627963967724,-0.3439904457010628,-0.22950917869364265,-0.49263437477791217,0.3095518388415361,-0.6474308710996686,-1.1953978582111582,-0.6785561780183871,-0.7109478473199385,0.08021073635762441,-0.3684145002657976,-0.3762193119384326,-0.25035200175724065,-0.28731693545925086,0.4520271262858747,0
-0.7171557105271703,-0.2486955616756108,-0.6180931360027615,-0.6282473062528355,1.872829836807639,0.5540141617790976,-0.3015475853097846,-0.4674694841522222,0.6798696217544621,1.7877820905974038,-0.27720348579474746,1.066162035104664,-0.39075967414868507,-0.3734162147744164,0.11690890652333896,-0.1869614313761995,-0.19160222574852928,-0.5170161495969822,0.5936947320999317,0.09451603402866383,-0.5522566505809144,0.08668312232942423,-0.6053474314805748,-0.6324382293201959,1.1401067102339266,0.07839857205680416,0.2143159778220708,0.12008969493229116,0.6663345125205818,1.171245758570583,1
-0.9214661601000018,-1.0159526080885075,-0.8316823392587487,-0.8095415331949639,1.0124850019516696,0.4801683685905716,0.5883190758099859,-0.2388779973115978,0.35886904938372044,0.9677109174799122,-0.26927020420211945,-0.16288169832007032,-0.37295423907026726,-0.4791514023225199,1.2353035548851758,0.8650718131751628,0.48354384438899933,0.6488943062534267,4.728519773646112,2.8363170250961294,-1.0777838682279488,-1.0977774789821797,-0.8577092894645776,-0.8869358500844624,1.3152961274035624,0.5817783064515417,0.3911889663948189,0.578007356959187,1.7056529549799593,1.3539571894050355,0
-0.8164732901806302,-0.2998460314364703,-0.8329169589307487,-0.8064157706614788,-1.1206013654598248,-1.261077565157347,-1.1138927357766064,-1.212981832666944,-0.779223889021636,-0.6681823553192275,-0.7632972851975852,0.3827557113566921,-0.6588303911626411,-0.5075086563634873,-0.556192816031537,-0.8430861990767572,-0.5712476606737541,-1.0212067845915085,1.1489564916288073,-0.8597289697542928,-0.9660576093581072,-0.7072959620662667,-1.0499566482589946,-0.7211347776196815,-1.4785371029092191,-1.2444350658166397,-1.1193734622993778,-1.743528697037633,-0.8126334110413618,-1.307539319750156,0
-1.034971965418242,-0.7485751525203768,-0.9654328037254074,-0.8922321602171573,0.4792134100987956,-0.4826671656752144,-0.8633903785372237,-0.7006998061260273,0.5157216017921509,0.15613789123410518,-0.0987046499606192,-0.5834394360111298,-0.1573106364538746,-0.3852866932101703,-0.40032363930927983,-0.8051147231587675,-0.6222645864839501,-0.5852463833908415,-0.02931138153268484,-0.6828629650927388,-0.8646763744576949,-0.9122987584471208,-0.8627684304854834,-0.8224771704291927,0.2860583015319468,-0.6588747762991246,-0.6508757413481473,-0.5403158103363979,0.06343283439095876,-0.44547356881305744,0
-1.3788945555325087,-0.011543383693442663,-1.4498152550400452,-1.1491130084235586,0.3512282280541062,-0.7028791079271531,-0.7921408347655814,-1.1712323164683185,0.8002448363934901,-0.2843493882815077,0.3989284681224047,0.7978752024396778,0.07960056917285042,-0.38067039604071046,3.7665124076397816,-0.2595539588664739,-0.37049274482324257,-0.6082599064282,0.26465072645319065,-0.05740732894985046,-1.249511266120484,-0.1264547056538455,-1.1675072778623925,-1.01936594398112,-0.09935841624125416,-0.969673627459512,-1.2117884005021575,-1.3181673073275997,-0.7075701159249398,-0.918308604972519,0
1.635252104693352,-0.5695485083573676,1.6145107708637711,1.1966296928417537,1.680852063740604,1.561346520145662,0.6159157300877347,0.5476622708254775,0.15094822409812614,0.8359896409688126,-0.5808318085671431,-1.2285967586156474,-0.5584275211371188,-0.30087440211147654,-0.6957423567294554,0.3267703016318966,0.23839757750883697,-0.310056509324398,-0.6136064356774492,-0.06836697453785272,1.3408827358247415,-0.8846396509989106,1.6200794246566566,0.6822026895345554,0.7722089341776888,1.1582497952091515,0.6241436342711213,0.8016415639955777,0.2396158985092672,1.0162178778625632,1
-0.5014946804225145,-1.064778056496601,-0.5259082004934339,-0.5657320555831362,-0.9108478726643616,-0.3864782863424672,0.021333269739875576,-0.4592226661376788,-1.0783380587307356,1.1291757080419056,-0.5166443484086081,0.05827366374160773,-0.1306024838362481,-0.3536320840481601,0.17652553608163804,0.483681841822413,0.2403852499430004,0.005488063589244877,0.3396534042109036,0.8953259995795888,-0.3577701999556341,-0.9399578658953316,-0.3131076383906095,-0.4971979477546437,-1.097938094108183,-0.2387560838307894,-0.2194782082438835,-0.6130349606516323,-0.6881738152880618,0.20010682013534176,0
-0.7909344839840262,0.2139836875248944,-0.8427939163067485,-0.7410589176886113,-1.2080579065236967,-0.8479198196769254,-1.050332623401446,-1.1853549923182238,-0.5785985312899224,-0.3679144991863989,-0.2213099109375962,2.0396081779499182,-0.2319945446994603,-0.386165987909115,1.9380470653209945,-0.30143426318778616,-0.6351844573060127,-0.7051760104869356,0.4981268039892975,0.1670764461975066,-0.7653641443511685,0.12410426770053264,-0.8770530639562757,-0.8194913460309923,-0.8920905289338601,-1.0842052286437691,-1.2509976429554122,-1.1584285880158918,-1.0227600012742064,-1.0578336976097378,0
-0.2432689733235187,-1.3879560245311244,-0.3752846005094431,-0.311692809679903,1.261345078149677,-0.4980043688759084,-0.5475341263946267,-0.5548342124937912,0.06705034722850065,0.04566198190221479,0.22439627308459037,-1.1352401918437096,0.19385211092603089,0.025783578546489497,-0.5375418034322924,-0.5515992810004244,-0.6991212539382713,-0.4037312721102661,-0.8942616169643753,-0.2845365357908632,0.3022423292939884,-1.2946452437606195,-0.03158132040373832,0.24662360085589363,0.8247657593285801,-0.013760596487687037,-0.20126364573503683,-0.5436627168362622,0.2897230084878684,0.5921058899256219,1
1.802673167537756,0.16050819641126807,1.9313964866770863,1.8871390525116156,1.6381903363923749,2.498620049076958,3.1109041554714727,2.5250946028752086,0.4500623938072267,0.9677109174799122,0.8720405340100331,-0.4351565784976442,0.9946020940359844,1.247123915380715,-0.17584538052551615,1.5055612672624308,1.3746836523722932,0.8628228302626758,-0.6257036417674029,0.833347314185369,1.9264110924944688,0.22172464692951063,2.367046716566854,2.1083729314985606,1.3415745399790089,2.564153800867181,3.194793600980195,2.1251909525783,0.04080381698126851,2.2841244736531583,1
-0.5582475830816344,-0.8415760066310312,-0.7781821534720853,-0.7248617845605528,-0.15146912586586983,0.2605244709016211,-0.4207149560546088,-0.7313676606176105,-1.1512927342695405,1.3784546829446314,-0.7701487556639457,0.0546481660028917,-0.517870696791834,-0.5745548771580227,-0.38566927226701614,1.4374359722330965,0.5537749370627759,0.2631746947822042,-0.3172248864735833,0.2933013298662225,-0.8170892641983176,-0.6959069178228858,-0.8895521182432192,-0.6868856154050287,-0.7957363494905602,0.8182142423036155,-0.29712976420265097,0.013597215391152755,-0.9160803477713776,0.31305570465118515,0
0.9854313692464288,0.28605934946065104,0.8819697654771489,0.832336277575596,1.3964405480857387,1.788564345341128,2.6530505731360963,1.8163836797503865,0.778358433731849,1.04277788151312,2.462302889623175,-0.5339513918776561,2.3774908851264294,2.157853399812716,0.05629311557579452,1.1236128918520636,1.1507392247898744,2.107497879043762,0.12069397398274144,0.7517168504954209,1.5560592343888815,0.2575187859801364,1.876012441008358,1.6482047007170717,0.8116265530408575,1.0324048616104673,2.0630940724700104,2.2012570093933976,0.8295867095476379,1.0881951081912866,1
0.869087918795233,2.0833008551490435,1.1906246834771306,1.0971736122308682,0.3512282280541062,0.8323559976435428,0.29353663238857897,0.23763345609123712,-0.14816594561097338,-0.24894044298282492,-0.532510911593864,-0.03598927746500914,-0.13307546093047273,-0.38396775116175313,-0.7093975623824738,0.576935319444535,-0.349622184264526,0.17241713914191664,-0.6172355975044352,-0.21726698700933184,0.722250302452839,2.0455987321909226,0.98917477969665,0.7348937083263289,0.3867922164044878,0.9879142285200232,0.6596140981041386,1.067872762848424,-0.5572487859891356,0.2327734092845321,1
0.13981311962554088,-1.4832818999945452,-0.06333736338412786,0.038108433840096656,-0.9727073773192946,-1.258237342342404,-1.0677185155964275,-1.0414737892707373,-1.6291458590487125,-1.433015573770774,-0.5307078930500849,-1.307451334432721,-0.3902650787298402,-0.3857263405596426,-1.1820008994954716,-0.9453858224322824,-0.9182952676786976,-1.357658008715146,-0.8192589392066624,-0.9481619720850696,0.04982374443990111,-1.6298085457801117,-0.14764396735392843,-0.2462130615764955,-1.663361938023186,-1.277167460161752,-1.1193734622993778,-0.7187667796246199,-1.4123023723981722,-1.3634600910055492,0
-0.3056971662485504,0.6557377445505015,-0.3164343961441129,-0.3994983208477992,-1.200236589843188,-0.9672091779045447,-0.6042327070016378,-0.5550919255567456,-0.7974625579063372,-1.0463498911091584,0.003706803326032013,1.4395883021924154,-0.12417274339126372,-0.124795638647795,0.5608696171446401,-0.6448527586225462,-0.5314942119904845,-0.0690627856867057,0.26948960888917195,-0.7210327652440571,-0.5729466985197741,0.1127152234571518,-0.6083233967869901,-0.50035940888215,-1.3957601032965656,-0.9889952738302192,-0.8796602330711085,-0.6166861313787572,-0.8094006942685491,-1.3634600910055492,0
-0.7341815813249064,-1.2089293803681151,-0.7423781829840873,-0.6882051148496837,-1.0480764289678344,-0.7363937371434846,-0.8187339743423212,-0.8981080123491596,-1.0783380587307356,-0.2815166726576122,-0.652952550318306,-0.496608765168881,-0.4906679487553624,-0.5589473962517538,-0.12488814967400884,0.0726964554159362,-0.39467609277223153,-0.4324171423751426,-0.11883070659834204,-0.5350967090613978,-0.8667453792515808,-1.4248057493992567,-0.7589072412915951,-0.7104209371320208,-1.4785371029092191,-0.5165047504097041,-1.0046217184936437,-1.01101256990823,-0.8983004055209065,-0.8861956868258578,0
1.186904173686304,-0.8392509852782648,0.6185842354504978,1.4751067185522329,-1.906288177456392,-1.1037292212094871,-0.7247799104603493,-0.5192698098060728,-0.6479054730517875,-1.7786068798859165,1.1569174639271262,-0.496608765168881,1.141002338014086,0.7417492871622333,-1.1363725293866056,-0.8017642988130625,-0.6037129770984242,-0.3688868534269413,-0.3765011963143562,-0.8064424170677992,0.9705308777191544,-0.6649937977337091,1.1349970797109914,1.3689423011206714,-2.2388591734254426,-0.9753938517139976,-0.7965922414189209,-0.7679054523271738,-0.7948534687908905,-1.3972340221597963,0
-0.8760638379727064,-0.813675750397835,-0.8954710223120786,-0.80186920697641,0.2509731687857663,2.333887125810245,0.6924337260396742,-0.5226200796244811,2.5876343870942096,3.488827822746119,-0.8974418648547482,-1.4580907654763722,-0.8388631236221984,-0.6898523945571501,-0.5805057431698378,2.046654799093784,0.5213096206381057,-0.8648120681756558,0.17755084260552367,1.6394481431236052,-0.8998494559537562,-1.498021033820991,-0.7505745384336328,-0.7195540470559283,0.1021094135038278,2.57241634701255,1.4787900804099017,0.7012343689996472,4.1043288004072,3.579714619570185,0
1.5330968799069364,3.317887193467979,1.2070862791037955,1.5234139577060914,-0.9613309166931004,-0.3722771722677506,0.32489646679511164,-0.13991618113707713,-0.7974625579063372,-0.8622233755560081,1.464512427495836,1.1459229853564166,1.272070124007994,1.1695261581988432,-1.1034002035415127,-0.002129688304808308,-0.23201823190985343,-0.4157242348198757,-0.2881915918576944,-0.4134068511532347,1.959515169196644,3.12267691635065,1.8998201634596783,1.9415180386579445,-0.44097777972204527,0.1591172920923239,0.6639280734351812,0.5217184749160136,-0.08365577877203234,-0.34913481437307303,1
-0.7256686459260382,1.216067890567193,-0.9395057906134092,-0.7061072093596431,-1.920508753239136,-1.288343704180803,-1.1138927357766064,-1.0129191818953809,-1.8370666843343069,-1.0293535973657906,-0.544410833982806,0.3791302136179761,-0.62767087977541,-0.4571690348489017,-0.3790081963387145,-1.1068762758952624,-0.949799875760189,-1.000462200445157,-0.5035218602588705,-0.5921624498816856,-0.5729466985197741,1.324834932216966,-0.6133825378078955,-0.5937981488728953,-1.1285962421128697,-1.200262222962556,-1.304682669297276,-1.256249537080109,-1.633743471335862,-0.8214161795300062,0
-0.6490522273362264,-0.8346009425727322,-0.7180973294347558,-0.6987190433714059,0.5503162890125122,0.885373490189152,0.5607224215322374,-0.6324058444430899,0.20931196452917072,1.4804324454048372,-0.7301217439920503,1.2782536528195516,-0.6870223300368025,-0.5224566662455477,-0.19016669377136444,0.6696303930090395,0.2741756813237796,0.10434897241170092,0.724344557871432,0.2573990425951804,-0.7839851874961422,-0.4551099823914058,-0.7193269027162741,-0.7430893687829205,0.3429948621120786,0.8347393345943518,0.6011357658388939,-0.4260645930001192,0.5661202925633794,0.3767278699419791,0
2.1233270675617835,-0.13709453674282565,2.474629142357053,2.918640688561656,-0.678341458616509,-0.10662166497671864,-0.41908424466546895,0.4417422019511858,-1.3044975529010312,-1.280048930080464,0.520451917973114,-0.808945395359267,0.1008681721831826,0.3999234729474708,-0.602154239936818,-0.41758230717222544,-0.4470181335385366,-0.3534904823808212,-0.9571670886321346,-0.5815807231070627,2.840911211392065,-0.245226167049102,2.744994310481575,3.339586403933004,-0.1168773579582171,-0.13007182299556191,-0.11162882496781748,0.623646991048246,-1.0760998280256209,-0.45765433086868745,1
-1.125776609672834,2.071675748385212,-1.3321148463093857,-1.0343122753755651,-0.888805980201109,-0.9122982034823074,-0.962612894599493,-1.095181191590451,0.9753360576866216,0.4195804442563044,0.6690206459805096,0.816002691133258,0.023711286843372505,-0.13117052521514425,0.18418577339918504,-0.7135364577094983,-0.9182952676786976,-1.0609132151841345,2.00301924157954,0.07939928149348824,-0.8750213984271248,2.0927819154849288,-0.9228829296750688,-0.8295026396014292,-0.8920905289338601,-0.8457354352789894,-0.9613860990647496,-1.1375864884485547,1.1997327800347262,0.05061564945260818,0
-0.8051227096488064,-0.9555020529165824,-0.8020514671307505,-0.6146076151976284,0.0021130925877584287,-0.8971503484692764,-0.8726728895215573,-0.871563566864848,-0.6077804015054442,-0.6780968600028588,-0.5159231409910965,0.2594887882403474,-0.5381491089644764,-0.4940994122045802,-0.32871707308003745,-0.8118155718501775,-0.7113785672822796,-0.5852463833908415,-0.6462688921203242,-0.912259684814028,-0.8646763744576949,-0.5950325259529413,-0.8211049161956714,-0.5851919491369056,-0.11249762252897667,-0.7605676519344253,-0.9356939793154292,-0.747976145441618,-0.6316012717638343,-0.980873428258256,0
-1.2455252342835772,-0.5695485083573676,-1.301660894400054,-0.8922321602171573,-0.8468552816420168,-1.030072776208624,-1.0989152788640464,-1.1987560715918568,-0.5275302584127596,-0.12146823990756658,-0.7059612955054106,0.1724768425111626,-0.8220468793814705,-0.5468570941412638,0.9855132075738666,-0.9215978095777771,-0.7083970586310343,-0.6174977290558721,1.4078367019538167,-0.31288044679431726,-1.232959227769396,-1.4248057493992567,-1.28714108318028,-0.9703632965047706,-1.207431479839206,-1.301255960077864,-1.304682669297276,-1.3511799759853524,-0.8595078042471503,-1.0805342087134118,0
-0.030445588351818875,-1.246129722012377,0.11938634807186112,0.01111321195999918,1.1120290324308726,0.8437168889033165,0.9433124012919356,1.1870483800155442,2.1572018014152614,0.43657673799967145,-0.006750704227886654,1.8184528158882407,0.20621699639715427,-0.16700178419714176,-0.007986267132315997,0.6579039077990719,-0.06571630491817558,0.6602390007084622,4.949898645092265,-0.0207492040520498,-0.23983692670413412,-1.035951238803827,-0.2756104755297788,-0.3017142680371637,0.06269179464066024,-0.23303585957630385,-0.4955726294306123,0.2980842678796229,2.8548837677149783,-0.3530105113907736,0
1.1074501099635368,-0.8369259639254985,1.063047317370471,0.6945185658719405,-0.34131381256549226,-0.3664073784502012,0.3349316138052022,0.961807162993328,-0.2648934264730615,-0.7305020990449095,-0.04713831960853782,-0.22088966213952685,-0.4016407733632738,-0.20525110360123744,-1.0734253618641556,-0.07248859956461284,-0.2588518097710604,0.26965737732793904,-0.4357775061551295,-0.11409515095675876,0.8505285996737683,-0.028834326424866948,0.7808572082475912,0.7717774214805705,-1.3694816907211205,-0.3347287352116043,0.3159340633977418,0.26157256060837525,-0.6946392488336879,-0.26331580898113344,1
1.2294688506806446,1.8275485063447443,0.9272391534504794,1.1966296928417537,-0.6008393206005574,-0.16020720208531591,-0.2157470783735113,-0.5522570818642464,0.34792584805289994,-0.8919668896069018,-0.5847984493634572,-0.27527212822026736,-0.4768192770277042,-0.36088626531445406,0.25379401684993663,-0.5476904525971019,-0.4387361650628554,-0.7939887613635027,-0.4055344909302452,-0.3933771540441271,0.3787955066677692,1.4338443556893254,1.0814297041955188,1.1546654913674588,0.6758547547343882,0.2773352600183608,0.6126397000550078,0.32851069060566207,0.4578242806741444,-0.09887552123012616,0
2.662479642823424,0.5348366342066512,2.474629142357053,3.475594739982614,-2.149460023341303,-0.9225230056161032,-0.14537560996525198,0.004145421054477573,-0.9506673765378278,-1.7361161455274972,-0.6536737577358177,-1.035357729142083,-0.7033439788586855,-0.30549069928093625,-1.2895772757375423,-0.6621632844086885,-0.46192567679476265,-0.9135942543323105,-1.2817351280255929,-0.8812703421169179,2.840911211392065,0.7749067958937216,2.938432055398558,3.046273065992131,-1.097938094108183,0.2569966848913008,0.4122795124576941,0.6890637999092311,-0.1337628887506336,-0.6575295627815281,1
1.0733983683680643,-0.06269385345430221,1.0465857217438057,0.832336277575596,-1.19454835953009,0.1658503770701773,-0.2701877509032519,-0.4986527647697144,0.537608004453792,-0.5520410147395481,-0.5847984493634572,-1.469148533579456,-0.6583357957437962,-0.398256290019605,-1.2526083043354683,-0.1964543003556969,-0.4264788517188473,-0.9547592884977266,-1.02370172212688,-0.06836697453785272,1.1919143906649523,-0.1264547056538455,1.1349970797109914,1.361916831948435,-0.9446473540847512,1.0324048616104673,0.41467616541938446,0.485206767644766,0.9184864207999952,1.9851421322876903,0
-0.1865160706643985,-1.3089052985370684,0.15642493823185857,-0.26679549328984625,0.7209631984054317,0.4820618504672002,0.13473043095389772,0.9208307859835658,-0.10074540651075034,-0.4316506007240276,-0.16938297687675885,-0.41829801401261474,-0.28936761328547284,-0.10105468177628726,2.2511176339511687,0.21453108605078,-0.4264788517188473,0.7250658261658107,0.1642439159065747,-0.07894870131247553,-0.12397265824652012,-1.0880154410592822,-0.13276414082185278,-0.3698613190078575,0.8116265530408575,0.33135960019961425,-0.6101326409994112,0.26157256060837525,3.948573211060703e-4,-0.34082974933514354,1
-1.120101319406922,-0.9415519247999844,-1.097125568738733,-1.0664223814013651,-0.8397449937506449,-0.6886779938524366,-1.023915098897383,-1.0739714065092971,-1.0600993898460342,0.1972122677805769,-0.6100407089763641,0.2069190710289647,-0.7038385742775304,-0.5589473962517538,-0.32538653511588683,-0.536522371444752,-0.44668685479950937,-0.8547639102297668,0.1001287236298201,-0.3287530369562516,-1.1729580887467037,-0.9741249986254736,-1.01364987152073,-0.8521597776818919,-1.3432032781456749,-0.610570660372357,-1.1550356583693302,-1.743528697037633,-0.3632857796203559,-0.4742644609445465,0
-0.91579086983409,0.4627609722708944,-0.7781821534720853,-0.7143478560388307,0.4721031222074237,1.1372065797807926,1.5291141080059656,-0.10383635232344986,1.1248931425411717,0.5371381426479306,-0.6323981389192246,0.20873181989832293,-0.4614868190435111,-0.5224566662455477,0.4732764686874744,3.4175367605447367,2.6338741394148584,2.1982554346840506,0.9033832080027469,0.4055432174399008,-0.7095010149162476,1.005941693402303,-0.7475985731272179,-0.6310331354857487,1.6612952263135958,2.15738229832598,1.270281272742841,0.9598589621709834,3.2024008207923758,1.0715849781154276,1
-0.07868555561207081,0.47903612174025895,0.02390909343719986,-0.154836362545021,1.2186833508014474,-0.35409974625211355,0.39639688924200606,0.4046315208857407,0.2603802374063336,-0.3282564804518739,0.4295797833666488,-0.28614862143641545,1.0035048115751932,0.06996813716846213,0.9392187298721704,-0.4069726300774929,-0.36552356373783385,0.05734952395512336,0.8380582951169969,-0.6280647371527276,-0.2212158835591605,0.05251598959928167,-0.3020965667568734,-0.30663209645772915,0.8860820553379535,-0.46692947353749503,0.298198831481233,0.5262824383249195,0.32689925137521825,-0.6697103248371582,1
-0.5014946804225145,-0.3765717360777597,-0.6530740267094265,-0.6333621903985382,0.8418380925587502,-0.18576920741980588,-0.6944235907548257,-0.7610046628573758,0.30415304272961674,0.3331826177275188,-0.33057283469060794,-0.22088966213952685,-0.2057809875006784,-0.5143231902803089,0.20283678599842936,-0.7671432472407778,-0.4990288955658143,0.1481070795954112,2.57521708963435,-0.792837339786141,-0.7157080292979054,-0.7089229683867493,-0.8324135843600488,-0.7169194961163396,-0.09935841624125416,-0.7605676519344253,-1.0103257525424667,-0.8982826737082534,0.4044844539227296,-0.895608093868845,0
-0.7171557105271703,-0.6509242557041903,-0.7798283130347522,-0.7061072093596431,-0.7999273815589634,-0.6867845119758076,-0.8178558989789383,-0.9751642181725492,-0.7026214797058913,-0.5463755834917592,-0.9086205798261784,-0.33871833864779777,-0.8720010166848091,-0.6163213753578972,0.3114123236297456,-0.42260794369078286,-0.4016329462918038,-0.18250973023706507,-0.3087568422106156,-0.76260383471579,-0.8791594080148967,-0.4372129128660932,-0.8273544433391434,-0.6557979143178823,-0.3928006900003956,-0.5851474414635318,-0.555009622880533,-1.043264577997832,-0.6833247401288424,-0.8690318857474696,0
1.717543813549076,-0.2254453481479469,1.050701120650472,1.057391179986514,0.17276000198067795,-0.13956824963006126,0.474169278570207,0.8234152481867719,-0.35973450467350754,-0.4217360960403963,0.12198481979793913,-0.55407290432753,-0.18352419365265624,0.603260372078439,-0.19016669377136444,0.1251864368319808,0.3364560842609019,0.3912076750604672,0.4594157445014455,0.03820613083513497,1.2519155296876454,-0.13947075621770902,1.2897472756445776,0.7594828504291566,0.36051380382904274,-0.08748793132327992,0.0920866767758626,0.6890637999092311,-0.06749219490796737,-0.09776817922506852,0
0.10576137803006914,0.025656957950819053,-0.36170378411744336,-0.31822849497719,0.8062866531018918,0.3438376734732919,-0.2688079181893645,0.3801487799050652,1.0300520643407254,0.4266622333160402,0.8067712627252307,1.6226759379975748,0.7196070411581992,0.6404105731088535,-0.3840040032849408,-0.004363304535278395,0.37190290933681736,0.5808261395232107,3.301049455031573,1.3465610627545788,-0.31018308969625685,0.06878605280411161,-0.2785864408361937,-0.4504785777592711,0.1809446512301654,-0.4218032599743303,-0.5602822593962519,0.02120382107266266,0.5919820267458832,-0.2134854187535556,0
-1.032134320285286,2.23907728578439,-0.958025085693408,-0.8334109925415764,-0.6861627752970176,-0.54269054116435,-0.7330589067436739,-1.0504164325552576,-1.187770072038943,0.35301162709478123,-0.674228169134899,0.5277756209053335,-0.45950843736813135,-0.48772452563723095,-0.6834193662620972,0.2982916946934045,-0.07101676474261154,-0.632245831847419,-0.6378008478573565,0.37039676779561753,-0.6660519142446423,1.795039758836545,-0.5690406547423102,-0.6440302534543861,-0.7957363494905602,0.557626248488158,-0.11738079207587436,-0.785704909621907,-0.8805204632704348,0.92763051745798,1
-0.8306615158454104,0.5557618263815483,-0.8716017086534129,-0.8052791297402117,-0.5439570174695846,-1.0026172889975051,-0.8015487850875411,-0.7878068214046418,-1.0345652534074534,-0.4004907288611861,-0.579028790023364,0.2486122950241993,-0.33783796433227686,-0.5334478499823567,0.023653843527116723,-0.6169325557416714,-0.38805051799168666,-0.2732672858773529,-0.08737797076446241,-0.538120059568433,-0.8874354271904403,0.1354933119439135,-1.0511470343815608,-0.7562621234808639,-0.69062269918877806,-0.8171343140065611,-0.8535367157886837,-1.1365215636531434,-0.5798778033988268,-0.768263763287257,0
1.0733983683680643,3.064459866016445,0.8819697654771489,0.780050795197302,0.4792134100987956,-0.05379352061877284,-0.3785673386122288,-0.2350123013672805,0.5777330760001353,0.006003963167689828,0.06140339672696237,-0.5189055762619845,-0.1825350028149665,0.08953244421998216,-0.4023219620877703,-0.6392687180463712,-0.6437977045207212,-0.4870337428229587,-0.4660205213800138,-0.596319556828859,0.11810090263813754,1.2516196477952315,0.5903954286370229,0.27121274295872133,-0.3490033357079864,-0.3906598168110196,-0.703122775912997,-0.7432600499190817,-0.42794011507661583,-0.4305244517447837,0
1.38837697812618,1.1579423567480345,1.2400094703571272,1.441007490914215,0.8916101077983511,0.5767359442986443,0.5469240943933628,1.3396145132845971,1.5553257282201205,-1.0236881661180015,2.545241742637012,1.760444852068784,1.575257115759941,1.667646605151031,2.2511176339511687,1.040969091324674,0.8443063911896713,2.712008026433536,-0.5386037579197361,0.5869442478620075,0.9539788393680664,1.292294805807306,0.7808572082475912,0.6874717914137327,0.7590697278899662,-0.007404791760480749,0.5594340043054818,1.2443460146594534,0.011709366025951197,-0.43495381976501263,1
-1.5326949217387238,-1.5228072629915732,-1.3654495774533837,-1.1951469657348823,-0.03486040444737461,-1.02590711608004,-0.8809518858048819,-0.9731025136689134,-1.1549404680464814,0.052743770961952506,-0.7059612955054106,0.9628353495512572,-0.7295575360574672,-0.5642231644454221,0.9392187298721704,-0.920983565114398,-0.6693061674258192,-1.0806853969486256,-0.7999034094627364,-0.4406170057165508,-1.3291679506850933,-1.035951238803827,-1.3395180725731866,-1.0179608501466728,0.18970412208864623,-1.1389922653922873,-0.9437946663259424,-0.7962020254623906,-1.3783588462836354,-0.3851234295374348,0
-1.009433159221638,-0.8043756649867694,-1.2481607086133906,-1.0902918407479776,-0.6882958616644294,-0.8611741928133276,-0.8726728895215573,-1.095181191590451,-0.99444018186111,0.15613789123410518,-0.9205205022151202,-0.41104701853518266,-0.8522171999310116,-0.6757397146390871,0.1498812323684319,-0.7654680350679254,-0.4738517113997435,-1.0456789112016576,-0.9535379268051486,-0.14508449365386866,-1.1791651031283612,-0.42419686230222914,-1.1282245358177128,-0.9069584372253364,-0.3271046585617818,-0.610570660372357,-0.39922718037066,-1.1283064295171126,-0.4570345660319332,0.3684228049040496,0
1.096099529431712,-1.057802992438302,1.5280873938237765,1.1966296928417537,0.014911610792227368,0.3570920466096942,1.01481282373883,1.4504311303550237,0.7856539012857287,-0.22486236017972025,-0.09221378320301464,-0.5335888421037844,-0.3957056283371345,-0.11204586551309637,-0.47093104414927656,-0.07974785231364037,-0.04650213805459524,0.26155402414577056,1.1489564916288073,-0.40055761149833546,1.322261692679768,-1.2425810415051644,1.3433146511600502,1.1493963894882813,-0.46287645686824985,-0.26989952699410025,0.15727563733384026,0.7286181494530828,1.2886324912870837,-0.5545467563112003,1
0.2391306992790012,2.0391254494464826,0.11074401036786131,0.13358627122654673,0.5432060011211403,0.006797899433351234,-0.6944235907548257,-0.4483987174935906,0.02327754190521747,-0.3565836366908199,-0.2086887811311427,0.02564418409316343,-0.21715668213411204,-0.16898019726976748,-0.569181914091725,-0.6230750003754639,-0.7559355576814442,-1.0369272897649155,-0.1345570745152821,-0.5815807231070627,0.20499910398134832,1.2857867805253742,0.3374383775917371,0.13860701233275774,0.08021073635762441,-0.3906598168110196,-0.6738836097803748,-0.4335190665679988,0.43196254649164056,-0.4327391357548982,0
1.0563724975703288,0.5046113566206888,1.050701120650472,0.9582192596059456,1.4675434269994554,1.561346520145662,3.4458271869332413,3.5791410303590343,-0.4363369139892533,0.07115642251726627,-0.28874280447493345,0.1906043312047428,-0.18352419365265624,-0.13117052521514425,0.17652553608163804,2.7491271035765945,9.007677078299086,6.643754990421708,-0.6511077745563056,0.7075003493300325,0.7243193072467247,0.45275954443809296,1.033814259292877,0.7436755447916246,0.9780564993520124,1.3870587653885778,2.0630940724700104,2.6180990007401403,-0.6267521966046145,0.546704867718273,1
-0.8079603547817623,-1.9924615762503768,-0.8765401873414128,-0.8766033475497325,0.30856650070587605,-0.18406507373084,-0.107869248015039,0.20026506196283744,-0.4363369139892533,0.45498938955498713,-0.35725750913853827,-0.8254414100704249,-0.13604303344354224,-0.288124628976778,0.5875139208578465,-0.4929668549505872,-0.16841271401662203,0.33124286151241994,0.6190988648888344,0.38778103321106944,-0.9474365662131334,-2.2220388464359138,-1.0428143315235985,-0.9032700659099124,0.12400809065003242,-0.6302736550266965,-0.702643445320659,-0.4639454892940384,-0.962954740977166,-0.06953095809610788,0
-0.895927353903398,-1.234504615248545,-1.0349830452480704,-0.8334109925415764,0.9627129867120676,-1.1739773988324187,-1.082909219382952,-1.0996396275795637,0.06705034722850065,0.0017548897318495531,-0.4805839775330268,0.8141899422638997,-0.6800979941729733,-0.4015536451406477,0.15587620070390326,-1.0729811495978805,-0.9291612103187916,-0.9665901841436926,-0.11883070659834204,-0.7728076426770333,-0.8977804511598703,-1.1823818076472945,-1.0862634249972591,-0.8853551195207092,0.303577243248911,-1.301255960077864,-1.304682669297276,-1.3534619576898057,-0.8595078042471503,-1.016862043422618,0
1.4422922356523444,0.3232596911049128,1.0465857217438057,1.5972956175884636,2.2923368223985654,1.2432415648720103,1.2819986128824885,2.053479697668509,0.6616309528697608,-0.029404982130990923,1.301519551138208,-1.0186804395439892,1.2804782461283584,1.4434264569201252,-0.33537814900833907,0.5188612974523155,0.3596455959928094,0.7250658261658107,-1.000717030555968,-0.0887745904603398,1.8850309966167496,0.1891845205198513,2.075402116538171,1.6517174353031896,1.3897516297006582,1.6190456379316072,1.3503294816632985,1.6824865019144235,0.03110566666282881,0.7626365587044442,1
0.8208479515349805,0.5208865060900533,0.9560469457971444,1.1966296928417537,-0.8141479573417071,0.4915292598503446,1.01481282373883,1.182151831819409,0.12176635388260436,-0.3778290038700291,-0.7405792515459688,-0.4906266938999994,-0.6672385132830051,-0.4701386316583364,-1.2332911841433938,-0.4427104897650127,-0.36221077634756144,-0.8182988209100084,-0.9148268673172968,-0.5649522953183695,0.9415648106047508,1.7332135186581916,1.6647189042528834,1.3689423011206714,0.014514704919010574,1.5910800971319,1.751529187450264,2.123669631441997,1.7056529549799593,0.5921058899256219,1
1.226631205547688,1.0370412464041838,0.7008922135838261,0.5206125049180496,-0.3100285458434573,-0.18576920741980588,0.723793560446207,0.18583313043738653,-0.7172124148136516,-0.5959481069099144,0.5294670106920095,2.342337239132706,0.2863414542500341,0.6740435953434895,0.4972563420293598,1.456421710192091,0.4888443042134354,1.6342620532051204,0.204164696003422,0.3174881339225033,0.3394844155839356,0.7618907453298575,0.6766984225230618,0.6119479978121906,-0.5373319591653458,-0.5031575604825708,-0.53343974622532,0.05163024379870205,-0.982351041614044,-0.8773369507853999,0
1.4309416551205203,0.051232192831249655,1.5815875796104404,1.557513185344109,0.014911610792227368,0.215080905862528,-0.19906364646923597,0.7316693977749769,-0.35973450467350754,-0.6115280428413357,2.0768175249632086,-0.9744493671316538,2.122774244421287,1.264270162010137,-1.243282798035846,0.46134567951771327,-0.3439904457010628,0.4349657822441772,-0.4563427565080509,-0.4485533007975178,1.5912323158849433,-0.9855140428688544,1.2599876225804263,1.219651081210646,-1.436053669245582,-0.10591976503217804,-0.4634574797439616,0.5612728244598649,-0.7366645668802567,-1.0578336976097378,1
2.3106116463368798,0.69526310754753,2.058973852783745,3.14312727051194,1.2115730629100756,2.2524674051152034,1.956862249311071,2.3498497200661617,0.015982074351337784,-0.3976580132372916,3.2123586038352685,0.6927357680169128,2.9497377847300217,2.993183363810206,0.4732764686874744,0.5289125704894304,0.6919181712371378,0.6942730840735704,0.271909050107163,-0.0207492040520498,2.840911211392065,1.025465769248099,2.402758300243835,3.046273065992131,0.7897278758946529,0.9891853894654644,1.076152382845922,1.8254906887268092,0.33659740169365704,-0.20628769572068292,1
-0.98673199815799,-1.4298064088809188,-0.8123399643974165,-0.9058718512723644,0.4436619706419373,-0.4444188317673111,-0.5771378100743936,-0.7357487826878367,-0.5895417326207429,0.8487368612763393,-0.5505410970316547,-0.3079016078687117,-0.3685028803006629,-0.4791514023225199,1.188676023387065,-0.7174452861128207,-0.11971473937961678,0.6310669292526556,0.016658001609139505,-0.19156850769953343,-0.808813245022774,-0.8895206699603591,-0.729147588227444,-0.750114837955157,1.9853956480774235,-0.4218032599743303,-0.39203722148558895,-0.485091853088636,-0.37621664671160826,0.352366345830719,0
0.43492821345296495,-0.6718494478790875,0.44162208246384177,0.44928828710852886,1.8088372457852944,3.2654802091116544,2.487470647469604,1.3705400808391346,1.1504272789797534,1.182997304895904,1.6145235703382548,-0.22088966213952685,2.166793236698486,1.1020402900548352,0.7180710090525577,3.495713328611187,0.7227270939666718,0.9811317867223366,-0.13939595695126336,2.492410904920886,-0.008108389788906085,-1.035951238803827,0.420765406171361,0.028834056516562744,0.7897278758946529,1.779847497529926,1.9705832681487627,0.9781148158066072,-0.3487385541426972,1.0217545878878498,0
0.5796481152337213,-1.2252045298374798,0.4169296890238429,0.776925032663817,0.23604156421388572,0.03898709133604207,0.04943168136812891,0.669045123477038,-0.9980879156380508,-0.462810472586868,-0.8195514637634922,-1.2922242439301137,-0.8086928030726571,-0.537404676127608,-0.9718439539575564,-0.7699352675288652,-0.0253002987568514,-0.15009631750839111,-1.0914460762306208,-0.6851304779730153,0.20499910398134832,-0.948092897497746,0.2957748633019256,0.08468653643584269,0.18970412208864623,-0.30167855063013155,0.6126397000550078,1.0146265230778546,-0.4731981498959981,-0.20739503772574056,1
-0.6490522273362264,-1.3879560245311244,-0.5835237851867635,-0.5597646907464832,-0.6001282918114206,-0.5025487253798178,-0.7375747228982147,-0.5251972102540259,-0.1518136793879142,-0.4160706647926073,-0.04713831960853782,-0.5189055762619845,-0.05888614810373216,-0.3742955094733612,1.79483393286251,-0.31204394028251853,-0.6437977045207212,-0.28461198033238866,-0.5035218602588705,0.1028302479230105,-0.5501876457870286,-1.611911476254799,-0.8193193370118222,-0.6405175188682679,0.0013754986312868335,-0.6391717816447853,-0.40258249451702655,-0.785704909621907,-0.962954740977166,-0.8136647854946051,0
-0.2602948441212543,2.204201965492894,-0.07979895901079379,-0.265943012598896,-0.3114506034217311,0.13366118516748618,-0.4513221544353846,-0.32959299547157495,-0.34149583578880627,-0.51946478506476,-0.6691797172123177,2.935106119412777,-0.6192627576550461,-0.49519853057826113,-0.5128958224975767,0.3044341393271969,0.2698690577164254,0.26155402414577056,-0.6257036417674029,-0.17002713533690836,-0.4922555115582214,3.12267691635065,-0.14764396735392843,-0.3926940938176261,-0.2088518019722772,0.861433714448618,0.5124596062563508,-0.3468037617987861,-0.326109536733007,0.13089794481926115,1
0.3980388267245367,-0.7160248535816477,0.1671249753891915,0.0841423911514209,-0.14364780918536108,-1.175302836146059,-0.8652719686016156,-0.8246597894071325,-0.06791580251828873,-1.1355804332618389,-0.6421344390556316,-0.8254414100704249,-0.6899899025498721,-0.46442321611519566,-0.9981552038743476,-1.1624933200339649,-1.0565710133486703,-1.9117652993118304,0.18480916625949603,-1.0343274615355704,0.7408713455978126,-0.07439050339839036,-0.1416920367410981,0.15177976703070117,-0.3402438648495043,-1.05280755329137,-0.5545302922881951,-0.8982826737082534,1.3742994857666273,-1.1480820710219064,0
-0.5894616795441501,0.6627128086088008,-0.5399005567760999,-0.5671528567347203,1.3182273812806504,0.05224146447244436,-0.5931940452905383,-0.2955748711615836,1.1650182140875147,1.4889305922765217,-0.186691954897038,-0.7793975887887312,-0.3526758268976249,-0.3762739225459869,-0.28808450991739787,-0.4198159234026953,-0.7193292570189334,-0.632245831847419,0.6904723808195613,-0.07403575673854348,-0.4529444204743882,0.2575187859801364,-0.4732145718757432,-0.4773509973430757,0.7327913153145211,-0.00549805034231872,-0.07759635291181445,-0.4814406823615111,0.493384165175087,1.2155394387728746,1
2.3106116463368798,0.3999853957462029,2.058973852783745,2.9300070977743284,0.2474180248400799,-0.18406507373084,0.29353663238857897,0.4448347587066398,-0.34149583578880627,-1.4188519956513004,1.6145235703382548,-0.021487286510145007,0.738896262493152,1.8017390467401015,1.9380470653209945,-0.6325678693549613,-0.32146349144721,-0.23112984933007624,-0.8083714537257038,-0.7493766762475114,1.8167538384185131,-0.33796552731663143,1.5337764307706183,2.122423869843034,0.17218518037168332,-0.9626822422595852,-0.5075558942390641,-0.11571508119451555,-1.2021757821653274,-1.341313250904403,1
-0.3510994883758464,1.4253198123161657,-0.28886122346944787,-0.14773235678710064,-1.721420692280729,-0.8685587721321802,-0.7205149729810608,-0.7409030439469263,-0.8084057592371579,-0.8211489990095364,-0.4448842103662011,-0.19732392683787245,-0.24238104849520392,-0.28900392367572264,-1.1983205355198103,-0.8760878788819512,-0.6335280636108764,-0.7174931073238319,0.13400090068169038,-0.9179284670147188,-0.4219093485660987,0.9424884469034672,-0.2854311610409486,-0.5268805550073428,-1.7386933874061297,-0.6480699082628741,-0.915849692792633,-0.4193707800003904,0.33013196814803086,-0.8064670624617333,1
-0.6745910335328302,1.2207179332727258,-0.5802314660614304,-0.5930114376935505,0.7636249257536618,0.46502051357754,0.7212847736936846,0.3801487799050652,1.0811203372178884,-0.4302342429120798,-0.29198823785373584,-0.7337163172809092,-0.556943734880584,-0.4461778511120926,-0.1728478963577803,0.9840118774476896,1.122249253233531,0.9503390446300958,0.58885584966395,0.2982142744401545,-0.6660519142446423,0.3567661715295976,-0.632726312299594,-0.5878265000764943,0.119628355220792,0.98473632615642,1.4787900804099017,0.29352030447071664,0.6356237031788591,-0.07949703614162344,1
-0.7852591937181144,-0.9066766045084887,-1.0074098725734053,-0.6992873638320395,-1.23721008687832,-1.3216689852094714,-1.1138927357766064,-1.1202824439222174,-0.2794843615808229,-0.76166197090775,-0.45714473646389886,-1.0105230696318783,-0.6430033377596032,-0.4837676994919797,-0.6354596195783258,-0.979392629541188,-0.9346273095127412,-1.9117652993118304,4.949898645092265,-0.6832408839061183,-0.7839851874961422,-1.390638616669115,-0.8184265474198977,-0.6631746569487306,-1.3519627490041564,-1.2444350658166397,-1.277940815550735,-1.743528697037633,0.4804532980838346,-1.2322400634062602,0
0.1908907320187493,-0.0905941096874987,0.21774438194118859,0.18359847176230637,-0.39037479901595634,-0.23708256627644864,-0.370162902991278,0.308762261466674,-0.5275302584127596,-0.3693308569983456,-0.8455149307939109,-1.057291990461315,-0.8264982381510748,-0.5818090584243167,0.10525202364881107,-0.20650557339281184,0.5905468770948002,-0.2197851548750405,-0.873696366611454,0.03329318626120292,-0.003970380201134248,-0.7886462780904152,-0.22501906532072155,0.013553661066948322,0.04955258835293772,-0.07096283903254347,0.764587497826176,-0.10810847551300563,-0.14669375584188504,-0.2494740339179173,0
0.1171119585618929,0.07215738500614681,-0.2522341732001167,-0.07129325483187732,-1.606945057229645,-1.1660247749505774,-0.8178558989789383,-0.7576543930389675,0.008686606797457086,-1.1766548098083114,0.4364312538330093,0.05827366374160773,-0.3170649567407894,0.3482649093844681,-1.1363725293866056,-1.0729811495978805,-0.8671789582467936,-0.9225079428326958,0.8247513684180475,-0.6873979908532916,-0.19018081165087097,-0.6275726523626006,-0.08812466122562589,-0.12449680816749836,-1.954614344067707,-1.20439349603524,-1.0688040848077114,-1.1468665473799966,-0.27600242675440484,-1.2350084184189036,0
0.134137829359629,0.07913244906444532,-0.04152574917879637,0.3023774480347351,-0.7366458193257566,-0.669175130523159,-0.49999261743432327,-0.403556644539511,-0.8302921618987988,-1.2049819660472574,-0.7441852886335271,-1.2305907823719413,-0.7028493834398405,-0.4837676994919797,-1.2576041112816945,-0.7654680350679254,-0.6699687249038736,-1.0100241572001158,-1.0515252961337738,-0.9742383702082478,0.31465635805730385,0.8497490866359378,0.02496202041814884,0.2975582523546081,0.24664068266877923,0.7578340973951558,0.2320512097385793,0.3817569303762314,0.6323909864060456,-0.45765433086868745,0
2.662479642823424,0.5348366342066512,3.27301653025034,3.14312727051194,3.2806668392992244,4.564408776479066,4.239858194106649,3.924476534718039,2.1572018014152614,0.5555507942032463,0.49881569544776505,-0.620600787832969,2.8602160139190875,1.290429179303743,0.3533771019780454,3.4175367605447367,1.508520262939301,2.6277331533389825,0.04327185500703744,0.04463075066258445,2.996086570933512,1.025465769248099,3.378874920747997,2.9531855994599976,2.988355061373594,5.108382433167857,3.300725661886909,2.4492323546106207,2.3683598934066223,1.365030609455609,1
1.550122750704672,1.3904444920246697,1.462241011317114,1.3728090356381792,1.1120290324308726,0.963006247130936,0.1140329402455862,0.7641412437072415,0.6506877515389403,0.1830486896611034,1.983781768104209,1.0317198065868618,1.2399214217830734,1.9753997497816849,-0.06227403594797396,0.3708842221836791,-0.23201823190985343,0.7250658261658107,-0.14302511877824975,-0.4247444155546163,1.2663985632448471,1.985399498333053,1.4534253674974096,0.9755160274754284,1.7926872891908234,1.05528575862841,0.2382825074389744,1.3767009535177257,0.5774348012682244,0.438739022225187,1
0.2391306992790012,1.353244150380408,0.4786606726238392,0.12477730408672538,0.3654488038368499,0.1563829676870329,-0.6113827492463273,-0.07445706314663898,-0.5931894663976838,-0.5959481069099144,0.810016696104033,0.6818592748007647,0.312555011448816,0.30386052708775935,0.18451882719560012,0.097266233951106,-0.30489955449584777,0.26965737732793904,-0.6765119073452085,-0.3276192805161134,0.4263826169271457,1.4338443556893254,0.2957748633019256,0.2536490700281301,0.3824124809752473,-0.1949010312130661,-0.4366149665730296,-0.07159676824175817,-0.8368787868374592,-0.7976083264212745,1
1.0081325303100763,-1.2252045298374798,0.8408157764104848,0.505836172941575,-1.0167911622457997,-0.6352818049315021,-0.7440975684547734,-0.6852370223487585,-1.2680202151316289,-0.5690373084829161,-0.6132861423551664,-1.3056385855633632,-0.643992528597293,-0.3991355847185497,-1.2492777663713177,-0.6521120113715737,-0.5911243850153889,-1.131574454932644,-0.190204222529069,-0.8601068885676723,0.9622548585436108,-0.7512251327193068,1.0754777735826888,0.6084352632260723,-0.16943418310910843,0.25381878252769763,0.20904334130635205,-0.6868190357622784,0.5548057838585342,-0.024129935888758988,0
2.163054099423168,0.7557136627194547,2.7544762680103703,3.370455454765392,-1.606945057229645,0.9648997290075646,4.234840620601603,2.5379802560229328,-0.8375876294526796,-1.0576807536047377,2.3108493319457324,-0.04867851955051546,1.575257115759941,2.5601307245799285,-0.4509478163643717,1.5345982782585406,12.062067052130304,3.664962360656556,-0.219237517144958,0.500778758411507,2.8243591730409774,1.219079521385573,2.417638126775911,3.973634996727346,-0.5855090488869961,2.57241634701255,4.696536346775372,2.6180990007401403,-0.033548668793431095,0.22280733123901655,1
-1.3604498621682948,-0.9485269888582832,-1.2724415621627228,-1.0490886073520391,-0.03130526050168819,-0.7683935808585125,-0.470012615741678,-0.871563566864848,-0.12263180917239144,1.916670651484608,-0.6680979060860501,0.02564418409316343,-0.6860331391991126,-0.595657949932696,1.2952532382398907,-0.13056262155683238,0.19003088161085885,0.007108734225678518,7.065699990225171,0.6315386678407754,-1.304339893158462,-1.3336933954522106,-1.3302925801232997,-1.01936594398112,-0.04680159109036283,-0.6220111088813283,-0.5324810850406438,-0.848687604664809,0.15718162080253598,0.30751899462589855,0
0.21075424794944084,0.004731765775921889,0.27824074586918496,0.13358627122654673,0.8916101077983511,0.20940046023264147,-0.25124641092170624,-0.5179812444913005,1.110302207433411,-0.2121151398721945,0.5363184811583697,-0.5834394360111298,0.571228415504718,0.4203670746979357,-0.7606878470303958,-0.07304700362223031,-0.071679322220666,0.7347898499844131,-0.2567388560238147,-0.33177638746328675,1.2519155296876454,-0.2517341923310343,0.8582323062143843,0.6084352632260723,-0.18257338939683093,0.0034000762757701547,0.2085640107140138,-0.4123727027734015,0.5192458993575908,-0.32698797427192744,1
-0.2801583600519464,-1.0159526080885075,-0.3053228190961138,-0.29492735609121096,1.9865944430695848,0.5426532705193245,0.9433124012919356,0.16495837233807364,3.1603285900738274,0.3331826177275188,0.2820928664855207,-0.8180091397060572,0.6132690261065377,0.20032357628701788,0.04929898585107779,0.07102124324308359,-0.4138902596358119,0.8628228302626758,0.7352320433523903,-0.18060886211153115,0.15948099851585665,-1.0733723841749354,-0.02562938979090798,0.13860701233275774,1.6612952263135958,0.3199191516906428,0.2320512097385793,1.066351441712122,1.2886324912870837,0.24606151334521903,1
0.934353756853221,-0.4253971844858533,0.9519315468904777,0.1617181340279114,0.6071985921434849,1.976019051127387,4.039155253904839,2.3498497200661617,-0.1299272767262721,0.2779446630615736,-0.2937912563975149,-0.347782082994588,-0.3912542695675299,-0.28900392367572264,0.05629311557579452,1.60160676517264,2.5576800294385915,2.107497879043762,0.6517613213317097,1.1674275452127487,0.8112175085899355,0.006959812625758258,0.9177516123426868,0.5785770192440673,1.385371894271418,1.3381190689890894,2.107671817557451,2.414241968475675,0.6469382118837043,1.243222988899307,0
1.186904173686304,-0.26497071114497533,0.7461616015571566,0.8530799743887237,0.13863062010209343,1.5253703644897136,0.9884705628373428,-0.018791041548471263,1.5443825268893,0.1887141209088944,0.4284979722403814,0.26492703484842123,0.8590829492724715,0.7056982045054995,0.25379401684993663,2.1829053891524537,2.3456616364611538,0.6764457070727997,2.647800326174073,1.231673743487245,1.2912266207714789,-0.028834326424866948,1.0129825021479717,0.9579523545448372,0.6013992524372935,1.920310782001185,2.013243690866851,1.0328823767134785,2.4750395469094517,1.193392598671729,0
-0.6320263565384902,-0.5207230599492739,-0.6913472365414238,-0.6310889085560037,0.09739095033213808,-0.3393305876144082,-0.6317039219417604,-0.28655491395817667,-0.8375876294526796,0.09098543188452876,0.833095333464405,1.8927755195319191,0.48962017139530334,0.2722059179257492,-0.1108998902245754,-0.12665379315350986,-0.3327269685741364,0.2064512225070245,0.204164696003422,-0.08764083402020148,-0.3763912431006077,0.08668312232942423,-0.43036067146336543,-0.39866574261402704,-0.19133286025531304,-0.3855751730292546,-0.555009622880533,-0.4526877128854039,-0.37621664671160826,-0.17306743556896412,0
0.04049553997208107,0.59296216802581,0.01814753496786685,0.028446986009324996,-0.3541123307699612,-0.8882509836491206,-0.8638921358877281,-0.7671897763682833,-0.18464328338037583,-1.223394617602572,-0.83181198986119,-0.13569046527970027,-0.7908873679942394,-0.568839461614882,-0.8815863751290696,-0.8419693909615223,-0.9632497925646952,-1.9117652993118304,-1.1507223860713942,-1.0682267790957016,0.17396403207305844,1.8292068915666877,-0.13276414082185278,-0.023681325545904904,1.1401067102339266,0.21695511510990104,-0.3714260060150519,-0.19938774369112425,0.6808817379982405,-0.3530105113907736,1
2.662479642823424,1.3230188727944456,2.503436934703719,3.370455454765392,0.3298973643799916,1.7582686353150654,2.6530505731360963,2.849813062197854,0.9753360576866216,-0.0846429367969371,0.4284979722403814,-0.9371067404228788,0.4208714081758572,0.7639514783105877,-0.8549420714158634,0.844969267100933,0.5064020773818796,1.4235748704687383,-0.798693688853741,-0.18060886211153115,3.4864407070844847,0.3502581462476653,3.10806207786422,3.339586403933004,0.3648935392582832,2.606102112066743,1.751529187450264,2.6180990007401403,0.6469382118837043,0.4271119311720862,1
0.26466950547560514,-0.16499479297602213,0.3387371097971813,0.022195460942355243,0.7778455015364054,1.20915889109269,1.1352345878599153,1.0133497755842242,0.1473004903211863,0.9308856143692829,2.487545149236081,0.8141899422638997,2.9497377847300217,1.4192458526991454,1.944708141249296,1.315703887672482,0.10191073702961134,1.3960234696493656,1.4078367019538167,1.1439965787832265,-0.032936447315537846,-0.6357076839650156,0.08745729185286674,-0.17033799451634143,0.15028650322547868,0.09873714718386412,-0.4898206623225554,0.8746649785380727,-0.6671611562647773,0.3495979908180761,1
-0.004906782155214935,0.16050819641126807,0.0823477579118631,-0.29123327309709246,-0.8468552816420168,-0.8986651339705795,-0.5875492750973624,-0.297378862602265,-1.6838618657028162,-1.0421008176733162,-0.8054879191220156,-0.8549892166409606,-0.7028493834398405,-0.47981087334672834,-0.8899127200394469,-0.6409439302192237,-0.6636744288623558,-1.0753371838483945,-1.208788975303172,-0.8064424170677992,-0.1612147445364674,0.24938375437772145,-0.14764396735392843,-0.12537499181402792,-0.007383972227194039,-0.020751981687613885,-0.526249787340249,-0.3271787191404905,-0.757677225903541,-0.4272024257296116,0
0.11427431342893696,-1.4391064942919845,-0.13329914479745714,0.11028513234056804,1.4248816996512252,1.2072654092160615,0.26970315823961416,0.22835578582487584,0.4026418547070037,2.005901193637289,-0.6486253058132362,-0.9584971770813032,-0.7290629406386223,-0.5042113012424446,-0.9225519920881248,0.004571160386601564,-0.2873417813274036,-0.5102093329239608,-1.1386251799814404,0.09451603402866383,0.24637919985906745,-0.90090971420374,0.19459204288381116,-0.2047627934603002,1.25397983139419,1.5141748599327034,0.4194694713427652,0.6358175601386622,0.4077171706955432,2.765818245853078,1
-1.2443901762303944,0.025656957950819053,-1.2543338069733905,-1.0371538776787332,-2.406852445008957,-1.4691712233988612,-1.1138927357766064,-1.260710291926114,-1.567134384840729,-0.7602456130958023,-0.8837389239220272,-0.30971435673806946,-0.8522171999310116,-0.6767948682778209,-0.6354596195783258,-0.8006474906978276,-0.8801650848166617,-1.525073285458748,-0.7261104523140186,-0.743329975233441,-1.1688200791589316,0.4006953421826378,-1.0823946700989195,-0.8992304211358763,-1.663361938023186,-1.045434819807811,-1.1935738379933112,-1.4617800225945063,-0.8708223129519959,-0.7272921091001371,0
-0.685941614064654,-0.2951959887309377,-0.8316823392587487,-0.7581085315076203,-1.6097891723861948,-0.960581991336344,-1.0015618089324063,-1.260710291926114,0.49748293290744966,-0.8678888068037981,-0.6179739905689919,-0.16288169832007032,-0.4614868190435111,-0.49519853057826113,-0.8632684163262404,-0.4075310341351103,-0.7976435509249745,-0.6990174620684876,-0.13818623634226804,-0.6208842796985192,-0.742605091618423,-0.668247810374675,-0.813367406398992,-0.7169194961163396,-1.7273060752901035,-0.749127203425454,-0.9860236915109266,-0.968719842319035,-0.47643086666881074,-0.8208625085274778,0
-0.3056971662485504,0.7324634491917916,-0.2464726147307837,-0.13750258849569522,-1.3886592189645366,-0.843754159548342,-0.8652719686016156,-0.898365725412114,-0.3560867708965677,-0.8962159630427441,-0.8094545599183295,0.34831348283889,-0.6899899025498721,-0.46442321611519566,-0.8779227833685038,-0.6621632844086885,-0.3675112361719974,-0.7617374156984721,-0.5797342586255787,-0.2996532883260387,-0.3412181616045464,1.1621343001686688,-0.24852919124140124,-0.3017142680371637,-1.6248202662458662,-0.4751920196828632,-0.30767503723408857,-0.7962020254623906,0.38993722844507095,-0.5988404365134915,0
0.38952589132566895,0.0093818084814545,0.2337944376771877,0.07391262286001547,0.6071985921434849,0.17910475020657932,-0.9544593376537944,-0.759458384479649,-0.0022565945333634548,0.7524245300639224,-0.452817491958829,-0.7630828489645091,-0.18500797990919116,-0.38067039604071046,-0.7740099988869991,0.06320358643643877,-0.7802182892521413,-0.5764947619540993,-1.101123841102584,0.4055432174399008,-0.1529387253609237,-0.6389616966059816,0.420765406171361,-0.09376038053896377,0.13276756150851451,0.2569966848913008,-0.7266099749375626,-0.28184334927869165,-0.8190988445869879,0.9165570974074077,0
-0.685941614064654,-0.7974006009284704,-0.7518436004694202,-0.6359196324713896,-0.17991027743135624,-0.2217453630757546,-0.3881007282718147,-0.5295783323242521,-0.5202347908588788,0.7524245300639224,-0.423608591549608,0.30843300771301363,-0.3902650787298402,-0.4995950040729848,0.35570847855295096,-0.15122357168867986,1.0400921259547742,0.19024451614268756,0.8937054431307838,0.08582390132093805,-0.6536378854813267,-0.5445953300179694,-0.6083233967869901,-0.6190898378929466,0.1809446512301654,-0.44341299604683176,-0.29712976420265097,-0.654262763445416,-0.3600530628475433,-0.20075098569539637,0
0.026307314307301384,1.3578941930859407,-0.16087231747212222,-0.23212794519119465,0.06397259724269147,0.2813527715445389,-0.2560131057514991,-0.01183278884870012,2.215565541846305,-0.06339756961772688,-0.2516006224730847,0.3791302136179761,-0.3408055368453464,-0.2909823367483483,-0.2041549532207979,0.6517614631652795,-0.001448229546889569,-0.310056509324398,0.9469331499265802,-0.3945109104842652,0.3725884922861111,2.136711086137969,0.36124610004305846,-0.10798695561274266,0.5181842792817155,1.003803740338039,0.5460127477200157,0.7042770112722508,6.040726147322181,0.4348633252074872,1
-0.3312359724451543,-0.5672234870046009,-0.3983308343867745,-0.4054656856844521,-1.2158792232042053,-0.8454582932373079,-0.8988897110854186,-0.9223330402668808,-0.36702997222738826,-0.3735799304341879,0.03796415565783441,-0.8180091397060572,-0.11724840752743472,-0.13117052521514425,-0.1108998902245754,-0.34052254722101083,-0.025631577495878747,-0.005856630865791171,0.9033832080027469,0.1410000480743286,-0.5460496361992564,-1.1823818076472945,-0.5434473531071402,-0.50035940888215,-1.6554784142505523,-0.949335052332452,-0.8891509787994024,-1.0951416287457296,-0.5928086704900782,-0.6353827226803817,0
-1.3422889333173764,-0.5276981240075732,-1.2543338069733905,-1.0664223814013651,-0.5411129023130361,-1.030072776208624,-0.9815542345810386,-1.094897707221201,0.11082315255178382,0.8133279159776565,-0.823878708268562,1.06072378849659,-0.6711952766337645,-0.6369848007830983,-0.4772590662811631,-0.749274317397018,-0.4433740674092369,-0.6174977290558721,0.4594157445014455,-0.3578527855864646,-1.2122691798305365,-0.4323318939046441,-1.0862634249972591,-0.9935473447731512,-1.137355712971352,-0.8520912400061957,-1.1361020999719764,-1.0184670434761096,-0.2840842186864373,-0.3668522864539897,0
-1.5690167794405605,-1.42283134482262,-1.4654537708853776,-1.2229946683059305,0.13863062010209343,-0.8128904049592912,-0.7829837631188739,-0.8736252713684839,-0.6223713366132055,1.13767385491359,-0.2184250812675496,1.2474369220404655,-0.3516866360599351,-0.5022328881698189,0.1328954887512629,0.4512944064805983,-0.1969026855729652,-0.03016669041229663,0.8937054431307838,0.19164116906716688,-1.4061349290176512,-1.3580984902594555,-1.2496439203194498,-1.0270939600705802,-0.2044720665430356,-0.5698935101182367,-0.6125292939611017,-0.8778969704818069,-0.309945952868942,-0.3862307715424924,0
-0.1382761034041465,1.3067437233250812,-0.14523380162679,0.07845918654508459,0.17347103076981482,0.9989824027868844,-0.25124641092170624,-0.16079093923639,1.0993590061025895,0.1830486896611034,0.5795909262090674,0.4516401683922968,1.272070124007994,0.5841357123763911,-0.8226358531636004,0.5735848950988298,-0.16013074554094084,-0.15657900005412595,-0.05592523493058277,-0.2675301891887907,0.6808702065751192,1.3232079258964833,0.4921885735253238,0.4837331854188748,-0.292066775127854,0.98473632615642,0.6826219665363661,0.6358175601386622,1.151242028442531,0.08771160662202677,1
1.1131254002294486,0.5883121253202774,0.44162208246384177,0.26231085556006434,0.7494043499709181,2.1710476844201616,1.956862249311071,1.687527148273146,1.9638719112374277,0.17171782716552542,2.3108493319457324,0.4987716389956052,2.0302849010972834,0.8936474464049348,0.06328724530051097,0.3932203844883788,0.5806085149239828,0.6488943062534267,0.8150736035460845,0.500778758411507,0.9953589352457854,1.219079521385573,1.4534253674974096,0.9772723947684876,0.7327913153145211,1.4290070765881395,1.4768727580405496,1.350838494200592,3.2024008207923758,0.4741739663870203,0
-0.10138671667571882,0.41626054521556666,-0.3205497950507792,-0.2051327233110972,0.4507722585333092,-0.4444188317673111,0.04943168136812891,-0.5782861012226489,0.322391711614318,-0.8168999255736952,-0.09906525366937516,0.009329444268941075,-0.29035680412316284,-0.3932003455006728,1.871436306037978,0.5216533177404027,0.7830198244696307,0.0994869605023997,0.009399677955167152,0.11832491927156522,-0.3308731376351164,-0.4681260329552693,-0.47023860656932825,-0.3512438257014308,0.08459047178686485,-0.2387560838307894,0.298198831481233,-0.5316442798594766,-0.4634999995775584,-0.839687322613452,0
0.3270976984006368,-1.3949310885894235,0.7008922135838261,0.29470512181618125,-0.5553334780957788,-0.7256008904466998,-0.21888306181416456,-0.5226200796244811,-1.4212250337631191,-0.04781763368630664,-0.8422694974151085,-1.307451334432721,-0.8660658716586699,-0.5259738450413265,-1.0990705041881168,-0.8615135329781346,-0.549714542636983,-1.0609132151841345,-1.1918528867772369,-0.3945109104842652,0.006374643768295714,-1.0066651250351335,0.0904332571592817,0.2975582523546081,-0.16067471225062632,-0.24447630808527512,-0.29712976420265097,-0.5333177331094088,-0.5928086704900782,0.6884446443656055,1
-0.7710709680533342,0.3581350113964078,-0.5777622267174305,-0.6333621903985382,-0.6235922418529468,-1.2684621444761996,-1.0097028219443425,-1.041963444090351,-1.1841223382620032,-1.1993165347994674,-0.7037976732528759,-0.08674624580703362,-0.7028493834398405,-0.5334478499823567,-0.17584538052551615,-0.9215978095777771,-0.8256034764988742,-1.053296063192896,-0.11399182416236076,-0.8378096785782883,-0.49018650676433545,0.7618907453298575,-0.3958394739089501,-0.6087272708638978,-0.8745715872168964,-0.9978934004483078,-1.1664437264669762,-1.3181673073275997,-0.7156519078569723,-1.036794199513649,1
-0.2602948441212543,-1.5228072629915732,0.09387087485052913,-0.18808310949208823,2.6407409290757773,3.07045157581888,1.956862249311071,3.092063341375066,1.230677422072439,3.0738349838455594,-0.452817491958829,0.2613015371097052,-0.09350782742287768,-0.3782523356186124,1.7015788698662877,1.3006269781168098,0.2619183679797716,0.485206571973622,0.2876354180241026,0.8953259995795888,0.03947872047047115,-0.90090971420374,-0.03753325101656865,-0.30663209645772915,3.7679479677784777,2.3544122448693745,2.0233096333059506,1.840703900089829,0.3430628352392832,3.153387947623129,1
-0.7568827423885539,-1.3623807896506948,-0.6872318376347577,-0.6660406168849721,-0.274477106386599,0.01815879069312458,-0.6646944677374327,-0.5922026066221908,0.3661645169376012,0.8855621643869688,-0.23212802220027065,0.4443891729148648,0.01827073723607813,-0.3364858374187379,-0.26410463657551214,0.4133229305626086,-0.1833202572728481,-0.8746981590579014,0.633615512196779,0.9040181322873144,-0.6805349478018441,-0.7512251327193068,-0.7699183129253313,-0.6454353472888333,-0.9709257666601964,-0.1949010312130661,-0.27364256517808544,-0.8894590111177019,-0.4974435256920956,0.3495979908180761,0
-0.94416732116365,1.057966438579081,-1.0074098725734053,-0.8748983861678314,-0.10027505304799308,-0.055687002495401774,-0.6882770632111452,-0.7360064957507911,0.1327095552134249,0.3402644067872545,1.5492542990534524,0.2721780303258533,1.6222436805502098,0.07348531596424096,0.593841942989733,-0.5934795853217365,-0.12700287163821614,-0.2068197897835708,0.06141766414196811,0.017042677285889176,-0.8295032929616335,0.3421231146452509,-0.7226004645533307,-0.6768743218345917,-0.09935841624125416,-0.4167186161925653,-0.6446444436477524,-0.5625270989264066,0.18304335498503976,-0.15590363449057668,0
-0.7001298397294342,0.05820725688954816,-0.7588397786107532,-0.7299766687062555,0.7067426226226889,-0.8882509836491206,-0.9357688763475008,-0.9370226848552862,-1.2023610071467044,0.1306434506190537,-0.9003266945247946,-0.14112871188777412,-0.8522171999310116,-0.6101663124652842,0.9855132075738666,-0.9140035143941792,-0.8256034764988742,-0.5852463833908415,-0.8591797193035096,-0.6208842796985192,-0.8791594080148967,0.09969917289328772,-0.7312307639419348,-0.6557979143178823,0.6101587232957756,-0.8870481660058304,-1.0688040848077114,-0.8427544522332312,-0.7528281507443216,-0.4272024257296116,0
0.10576137803006914,-1.4925819854056108,-0.09049899616812668,-0.0633367683830063,0.5787574405779985,0.27377884403802344,-0.4207149560546088,0.4448347587066398,-0.443632381543133,1.9860721842700264,-0.6179739905689919,-0.6233199111370062,-0.4639597961377359,-0.4659619818383489,-0.01931009621042876,-0.13279623778730246,0.05453787734871504,0.2015892105977233,-0.6462688921203242,0.8870117856852421,-0.3701842287189496,-1.465480907411331,-0.4726193788144603,-0.3870737184798368,-0.20009233111379512,-0.338542218047928,0.06907880834363533,0.3209040849241522,-1.1795467647556368,0.3767278699419791,0
-0.07301026534615894,0.15120811100020287,0.03707836993853271,-0.22616058035454176,0.26590477335764595,0.10715243889468189,-0.524704166946671,-0.20949870813478697,0.35886904938372044,0.3685915630262015,0.32500470782746266,-0.25351914178797114,-0.05888614810373216,-0.124795638647795,-0.4526130853464471,-0.2416850290227142,-0.3916945841209864,-0.035028702321597834,-0.02931138153268484,0.07939928149348824,0.20499910398134832,0.11108821713666855,-0.05836500816147463,-0.22952757229243384,0.1108688843623099,0.21631953463718048,-0.009531408799808424,0.05163024379870205,0.5160131825847781,0.622557795064697,1
1.6125509436297036,0.3581350113964078,1.462241011317114,1.4267994793983745,-0.09032065000007368,0.5199314879997778,1.690930853543674,0.5530742451475216,0.49748293290744966,-0.5874499600382309,1.260771332048801,0.7253652476653571,1.0089453611824877,0.6863537211287156,0.7463805817478395,3.4175367605447367,2.2429652273627068,1.7882257636663224,1.7380904282095528,0.3314711300175406,0.23189616630186563,-0.4372129128660932,0.17376028573890517,0.028658419787256792,-0.4935346048729366,0.5550839265972755,1.357040109956032,0.5217184749160136,-0.7479790755851022,-0.8629415047196546,1
0.5370834382393807,-0.1254694299789937,0.03707836993853271,0.031572748542810024,1.5813080332614011,0.8323559976435428,-0.6633146350235453,-0.2388779973115978,1.281745694949602,-0.04356856025046538,0.1576845869647648,-0.27345937935090914,0.17110072165916385,-0.14743747714562158,-0.4905812181377663,0.4032716575254937,-0.46192567679476265,0.723445155529377,0.704989028127506,0.07939928149348824,0.014650662943839389,-0.4079267990973992,0.1797122163517355,0.19849913702607375,0.39117195183372944,-0.07223399997798476,-0.6839495522194742,0.501941300144088,0.41094988746835576,-0.1453838854425319,0
0.8917890798588805,1.3485941076748755,0.6226996343571639,0.362903577092217,-0.6307025297443186,-0.7363937371434846,0.04805184865424148,0.21753183718078767,-1.1549404680464814,-0.9302085505294792,-0.14774675435140996,-0.3840370603817484,0.26359006498316706,-0.14655818244667687,0.2464668333288048,-0.7498327214546354,-0.555015002461419,-0.5215540273789966,-0.5470718021827038,-0.5846040736140978,0.6808702065751192,1.7332135186581916,0.9594151266324988,0.6874717914137327,0.907980732484158,-0.06778493666894031,0.2320512097385793,0.6890637999092311,3.948573211060703e-4,-0.21902212877884145,0
-2.0278639974395456,-0.9880523518553116,-1.9827594134533468,-1.453164454862551,0.3014562128145042,-1.0185225367611876,-1.1138927357766064,-1.260710291926114,0.6689264204236415,2.1532024060798087,-0.8732814163681085,0.28668002128071746,-0.9322427387001224,-0.7063391701623637,1.158701181709708,-0.975595481949389,-0.9893214293261396,-1.0806853969486256,0.055369061096991495,-0.4134068511532347,-1.7253823687142555,-0.29078234402262537,-1.6918723648527376,-1.221348182682919,1.1926635353848167,-1.0458797261387152,-1.2715129923074815,-1.6026695730274323,0.36407549426256713,0.9442406475338396,0
-1.5690167794405605,-1.0020024799719094,-1.59261959710137,-1.161047738096865,-1.7925235711944454,-1.2913732751834095,-1.0952399062716007,-1.260710291926114,0.5157216017921509,0.01450211003937431,-1.045289385444632,-0.714863729039586,-0.9615722470376272,-0.7278159431840886,-0.6501139866205895,-0.9068559424566752,-0.5603154622858549,-0.7617374156984721,1.484049100320525,-0.7006251493215702,-1.5114472730264468,-1.4915130085390589,-1.5061721297324338,-1.1078868555512995,-1.9436650054946047,-1.20439349603524,-1.2565099447672998,-1.743528697037633,0.44489341358289197,-0.6459024717284265,0
0.5512716639041609,-0.2951959887309377,0.4786606726238392,0.4512774087207467,-0.8241023603896275,-0.3949989547872973,0.3800897753506092,-0.08476558566481833,-0.2721888940269422,-0.06339756961772688,-0.5595561897505501,-0.6912979937379318,-0.5381491089644764,-0.4499148535826076,-0.5961592716013466,0.00847998878992407,0.47228036726207306,0.7445138738030149,0.4400602147575195,0.4928424633305397,-0.25225095546744963,-0.9659899670230592,-0.07919676530638059,0.05061301095049579,-1.6248202662458662,-0.5826051195726494,-0.02247333479293625,0.8746649785380727,-0.5911923121036718,-0.06177956406070679,0
-0.1382761034041465,-0.4114470563692555,0.15807109779452538,-0.2176357734450373,0.28012534914038967,1.6825293602499107,1.0047776767287395,1.299411275463698,0.4318237249225254,2.208440360745754,-0.6850462803975734,-0.423554985733753,-0.45110031524776745,-0.5174007217266154,-0.42130602848342974,2.3012870493673625,0.5537749370627759,1.7882257636663224,-0.6087675532414677,1.3790620807052063,-0.1074206198954324,0.06227802752217929,0.12912080614267826,-0.34439399325850023,0.7503102570314841,2.8902065833728634,1.837808694071117,2.1358402005324133,0.6792653796118342,2.322881443830164,1
1.873614295861656,3.376012727287138,1.886127098703756,1.8501982225704292,1.0338158656257843,1.2072654092160615,2.870060627229302,1.455585391614113,0.9753360576866216,-0.5279629319364445,2.462302889623175,0.8522576685204183,2.8602160139190875,2.6018972227798027,0.29942238695880224,0.2982916946934045,0.6577964611173313,0.5289646791573323,0.1884383280864824,-0.3287530369562516,2.017447303425452,3.2105352576567303,2.3015754798257206,2.665141363398302,0.9911957056397348,0.884314611466561,1.5219298337203282,1.700742355550047,1.2579216819453598,-0.3685132994615758,1
-1.3119261303947476,0.011706829834221218,-1.1843720255600612,-1.0411321209031683,0.6214191679262286,0.31354196344722973,-0.3419390520253987,-0.6599811421792193,0.11082315255178382,0.8770640175152843,-0.790703167063027,0.5295883697746913,-0.6301438568696347,-0.6255539696968168,0.31840645335446227,0.483681841822413,-4.543933298079842e-4,-0.23112984933007624,-0.14302511877824975,0.2936792486796016,-1.2846843476165453,0.1436283435463279,-1.0823946700989195,-0.9898589734577268,0.2948177723904289,0.16928657965585386,0.3911889663948189,-0.264500288324849,0.19112514691707225,0.33464887374980234,0
1.3827016878602685,0.2302588369942589,1.462241011317114,1.0488663730770096,-0.4024622884312884,1.146673989163937,2.005783590985262,0.7888816977508717,-0.3560867708965677,-0.22486236017972025,-0.5847984493634572,-1.4198417643329182,-0.6301438568696347,-0.4244153073132106,-0.5805057431698378,0.4300750522911336,0.7061631570153094,-0.31135304583354484,-0.4309386237191482,-0.2233136880234022,1.42364292758018,0.10132617921377096,1.8998201634596783,1.4550042984805682,0.3824124809752473,2.3544122448693745,2.216000531425855,1.3903928437444433,0.7794795995690367,1.3096635092027444,1
-0.5468970025498106,-0.7253249389927129,-0.6419624496614267,-0.5432833973881078,-1.920508753239136,-1.6087208377064095,-1.0944998141796063,-1.146826889406529,-1.1549404680464814,-1.3097924441313578,-0.8188302563459806,-0.3006506123912796,-0.8606253220513757,-0.6033517785484624,-1.1676795862496232,-1.2969570171082578,-0.9957813647371708,-1.9117652993118304,-1.0999141204935885,-1.096003811879087,-0.6101887848097213,-0.7951543033723469,-0.6601051931186132,-0.5720191944389622,-1.6708074882528956,-1.4426090572109314,-1.2509976429554122,-1.743528697037633,-1.3589625456467578,-1.6004312800878089,0
0.13981311962554088,1.0905167375178102,-0.23165717866678465,-0.3989300003871655,1.4675434269994554,0.7282144944289549,1.3158672340415438,0.5399308789368432,0.2603802374063336,1.7877820905974038,-0.47156888481413145,0.3156840031904457,-0.4768192770277042,-0.3520933183250068,0.6647824016261449,0.8650718131751628,0.902942727997494,0.7882719809867255,0.4255435674495752,1.1439965787832265,-0.3557011951617478,1.075902965183071,-0.23960129532215596,-0.17033799451634143,1.6525357554551137,0.8283835298671456,1.4289396988067429,0.498898657871484,0.4869187316294608,2.23429408342558,0
-0.6036499052089304,-0.26729573249774125,-0.6226200748000946,-0.5410101155455732,0.7565146378622899,0.8588647439163475,0.2471240774669107,-0.5334440282685693,0.2056642307522299,1.13767385491359,-0.8974418648547482,-0.2607701372654032,-0.888817260925537,-0.6429200400009752,-0.6730946985732298,0.26869627963967724,0.5186593907258878,-0.4247999903839042,-0.8265172628606345,0.289144222919049,-0.8005372258472299,-0.0987955982056347,-0.7880717012944636,-0.6324382293201959,0.7371710507437615,0.5709734384152911,0.6145570224243598,0.2980842678796229,0.05050196729970732,1.724916761099227,0
-1.576678421299542,-0.05106874669047027,-1.7955087632000244,-1.2048084135656545,-3.109348888676475,-1.6087208377064095,-1.1138927357766064,-1.260710291926114,-2.741704661015488,-0.8381452927529044,-1.0247349740455507,1.2238711867388112,-1.0001506897075323,-0.6887312938159955,-0.1728478963577803,-1.1282073108962507,-0.8633692527479803,-1.9117652993118304,-0.42247057945618055,-0.76260383471579,-1.5114472730264468,-0.15899483206350484,-1.6918723648527376,-1.1539036786294483,-2.6803365046929275,-1.4426090572109314,-1.304682669297276,-1.743528697037633,-2.159059946917973,-1.588804189034707,0
1.978607165781028,-0.257995647086676,1.9313964866770863,2.077526406823882,-0.6861627752970176,0.13176770329085724,0.9420580079156742,1.2396218448582583,-0.30866623179634467,-1.223394617602572,-0.28946401189244503,-1.1791087144821737,-0.13653762886238735,0.003801211072871326,-0.7693472457371879,0.15254823565523798,0.5941909432240999,0.10434897241170092,-0.5023121396498752,-0.4175639581004079,2.466421343698706,-0.6649937977337091,2.087305977763832,1.9836708536913636,0.010134969489768922,0.9275340836115636,0.9500884370610096,2.021741115309765,0.6081456106099481,-0.3978578625955941,1
1.635252104693352,-1.4995570494639097,1.2112016780104626,1.5660379922536138,0.5787574405779985,-0.5180752767681743,-0.8571184116559171,0.18299828674488727,-0.8777127009990229,-0.8381452927529044,-0.54405023027405,-1.5528975313437965,-0.30123790333775136,-0.25075460427162705,-0.26676906694683283,-0.8017642988130625,-1.0192027715863972,-0.55056403177116,-1.1966917692132182,-0.8548160251803607,0.9622548585436108,-1.8836215317754552,1.0129825021479717,0.79285382899728,-0.1869531248260726,-0.5190470723005864,-1.1724832919304362,0.4106620319659692,-1.6030326619941389,-1.1120934558575446,0
0.8208479515349805,0.16050819641126807,1.3058558528637902,0.8431343663276352,-0.6143488675941633,0.45365962231776696,1.1427609481174834,0.963868867496964,0.04151621078991871,-0.2333605070514037,1.017724432347382,-0.4351565784976442,0.981742613146016,1.4522194039095726,-0.623469682907383,1.2246840262808305,0.6919181712371378,0.7185831436200761,1.464693570576599,0.289144222919049,1.2912266207714789,-0.05486642755259452,1.3343867552408046,1.173985531591109,-0.6687240220425735,0.7120723033592706,0.764587497826176,0.2098476419741077,0.7907941082738827,0.24606151334521903,1
0.948541982518,1.3230188727944456,0.445737481370508,0.3174379402415265,-1.6105002011753318,-0.9831144256682276,-0.8129637648115191,-0.5638541696971979,-0.9141900387684254,-1.7361161455274972,-0.3410303422445266,0.2268593085919031,-0.14791332349582076,-0.20525110360123744,-0.4376256645077685,-0.597388413725059,-0.8440225743887891,-0.7262447287605738,-0.7128035256150697,-0.6004766637760321,0.7946654702388474,1.8292068915666877,0.5308761225087204,0.15177976703070117,-1.1548746546883153,-0.6112062408450777,-0.890732769754118,-0.7473676169870972,-0.5249216182610057,-1.1868390411989118,0
1.717543813549076,0.6162123815534739,1.5610105850771083,1.676860482077172,-0.3697549641309787,1.1977979998329171,0.1140329402455862,0.9945367219885474,0.15094822409812614,-0.6426879147041761,0.05491252996935762,-0.9095529576086367,-0.018329323758447157,0.07348531596424096,-0.33537814900833907,-0.025582658724743152,0.4948073215159258,-0.08040748014174175,-0.42247057945618055,-0.04569184573508933,1.367779798145259,0.08668312232942423,1.2599876225804263,0.8455448477890536,-0.38842095457115455,0.6891914063413281,0.4952037049321803,0.5916992471859046,-0.179020923570015,-0.42609508372455474,1
-0.10138671667571882,-0.5276981240075732,-0.14194148250145694,-0.2111000881477504,0.2474180248400799,-0.07840878501494847,-0.7964057722448699,-0.48009742423699175,-0.443632381543133,0.20146134121641915,-0.1271923429523286,-0.05049126841987328,-0.08163753737059919,-0.30571052295567247,-0.42796710441173136,-0.027257870897595765,-0.3675112361719974,-0.2068197897835708,0.9469331499265802,0.03329318626120292,-0.31018308969625685,-0.747971120078341,-0.3154884106357416,-0.4634756957279085,-0.38842095457115455,-0.30167855063013155,-0.30527838427239823,-0.7160284015792763,0.13293624500643852,-0.13098843937678736,0
-0.25178190872238654,-1.4484065797030496,-0.3896884966827753,-0.3994983208477992,1.936822427829984,0.5331858611361802,0.8655400119637346,0.22835578582487584,0.15094822409812614,1.1971608830153757,0.06284581156198546,-1.161343775562465,-0.10587271289400108,-0.2527330173442527,-0.05261547585193652,0.07325485947355367,0.21189527838665717,-0.443923903893822,0.26948960888917195,-0.05740732894985046,-0.3763912431006077,-1.6721107101126689,-0.18930748164373995,-0.4666371568554151,1.4335489839930675,0.07458508922048045,0.43528738088992136,-0.5130841619965925,0.06343283439095876,0.5815861408775779,0
1.635252104693352,0.21630870887766024,1.721511142437099,1.719484516624694,1.3253376691720222,0.2491635796418478,0.19443955566393592,1.0749431976303452,-0.7208601485905924,-1.0180227348702124,2.747179819540268,0.2467995461548411,1.3393351009709058,2.6018972227798027,0.26311952314955867,0.004571160386601564,-0.5155928325171766,0.13352104386750757,0.9215290171376777,-0.019993366425290923,1.8995140301739517,0.29493993135124424,1.7272141756876018,1.9819144863983045,1.3152961274035624,0.25890342630946245,-0.06944773284206734,1.0572235148943103,-0.09012121231765852,-0.18469452662206576,1
-0.2404313281905628,-0.4835227183050122,-0.19791090763212024,-0.3827328672591069,-0.8987603832490294,-0.3641352001982464,-0.2701877509032519,-0.3922172697695138,-0.5822462650668623,0.38558785676956847,-0.05182616782236349,-0.2607701372654032,-0.13406465176816248,-0.0876454376173802,-0.0772614567866525,-0.332704890414366,-0.0253002987568514,0.5532747387038377,-0.8628088811304957,0.2936792486796016,-0.1632837493303533,-0.7512251327193068,-0.35804471451747766,-0.3054026393525877,-0.4803953985852141,-0.3213815452844712,-0.05554714566426322,-0.07159676824175817,-1.614347170698984,-0.1453838854425319,0
-0.7114804202612585,-0.4881727610105448,-0.8506131742294145,-0.7365123540035423,-0.5069835204344516,-0.8274702154093335,-0.9779164937898808,-0.7432224615135166,-0.4180982451045521,-0.0818102211730426,-0.5808318085671431,-0.8180091397060572,-0.4852273991480681,-0.5389434418507613,-0.02530506454590012,-0.7325221956684931,-0.7284725502160855,0.34096688533102204,0.3396534042109036,-0.2675301891887907,-0.808813245022774,-0.7805112464880003,-0.813367406398992,-0.8245848111808636,-1.0147231209526055,-0.8387440500790624,-1.1724832919304362,-0.6448305724003437,-0.010919651383739952,-0.4316317937498413,0
-1.5483019699699825,-0.6206989781182272,-1.5485848288000392,-1.2048084135656545,0.16422765651103133,-0.9696707043441626,-1.0567049417528536,-1.114741613068696,-0.6442577392748466,2.109295313909441,-0.6493465132307479,1.2583134152566138,-0.6880115208744924,-0.6213773198768294,-0.28808450991739787,-0.2807733130559389,-0.5238748009928578,-0.6967485231774804,2.3502090563612112,0.8870117856852421,-1.3991003127184392,-0.6910258988614367,-1.431475400541414,-1.0724082362315055,-0.9446473540847512,-0.9889952738302192,-1.1974564157912495,-1.407316725914895,-0.5039089592377208,0.3794962249546228,0
1.975769520648072,0.3930103316879036,1.721511142437099,1.8558814271767656,0.7636249257536618,0.2112939421092704,0.3035717793986696,1.355077297061866,-0.03873393230276593,-0.8721378802396395,3.194328418397477,0.7888114580928876,2.1079363818559385,3.503174289198148,-0.18950058617853421,-0.40641422601987537,-0.30489955449584777,0.170796468505483,-0.2434319293248653,0.37039676779561753,2.4064202046760124,0.748874694765994,1.9266038512174148,1.8888270198661707,1.0306133245029037,0.1387787169652639,0.09160734618352458,1.335625282837572,-0.26630427643596605,0.18681871607465408,1
1.38837697812618,1.7601228871145205,1.4210870222504497,1.7308509258373668,0.13934164889123132,-0.3461471223702722,-0.6052362217026468,-0.3922172697695138,-0.11533634161851174,-0.24894044298282492,-0.04497469735600297,-1.0435150990541942,-0.1845133844903463,0.003801211072871326,-0.9738422767360468,-0.9725801000382543,-0.9291612103187916,-1.525073285458748,-0.43819694737312015,-0.8423447043388409,1.8995140301739517,1.0596329019782411,1.3343867552408046,1.73075396349085,0.3648935392582832,-0.46692947353749503,-1.0399004500897255,0.6829785153640234,0.997687981733914,-0.207948708728269,1
0.13697547449258496,-0.5672234870046009,0.280298445322518,0.031572748542810024,-1.1853049852713071,-1.201811582418863,-1.0944998141796063,-0.7357487826878367,-2.1580672567050483,-1.223394617602572,-0.3262455901855382,-1.307451334432721,-0.5188598876295238,-0.1894237990202324,0.3210708837257827,-1.082194816548569,-1.0037320544738249,-0.4457066415938992,-0.4551330358990555,-0.8378096785782883,-0.136386687009836,-1.2800021868762728,-0.3020965667568734,-0.23093266612688107,-0.7957363494905602,-1.200262222962556,-1.304682669297276,-0.8982826737082534,-1.6838505813144633,-1.340205908899346,0
0.32426005326768087,-1.253104786070676,0.6226996343571639,0.3023774480347351,1.2115730629100756,1.6825293602499107,1.309595267160237,1.072108353937846,1.1540750127566932,1.1192612033582745,0.12198481979793913,-0.808945395359267,0.26309546956432217,0.07942055518211794,-0.0915827700325008,1.040969091324674,0.28908322458000585,0.8077200286239298,-0.04382802884062913,-0.09633296672792745,0.7408713455978126,-1.1953978582111582,0.822520722537403,0.1624936075183618,0.7327913153145211,0.9650333315020808,2.166629480415033,0.8913995110373943,0.8780774611398329,0.44925877127323177,1
1.995633036578764,0.8417394527718101,2.2770899948370658,2.9300070977743284,1.4675434269994554,1.6484466864705904,3.595099998708337,2.6075627830206427,1.2708024936187814,-0.0874756524208316,8.899079090914462,1.6226759379975748,9.453667542540948,11.032135148912372,2.807317473964352,1.4011397084879589,1.6705155663236249,2.1836693989561478,1.6679266328878215,0.833347314185369,2.449869305347617,0.5210938098983775,2.929504159479312,3.557375948272335,0.999955176498217,0.501059586416022,2.166629480415033,1.700742355550047,0.20728873078113724,0.1320052868243188,1
0.04049553997208107,0.3999853957462029,0.08975547594386293,-0.07100909460156044,1.6381903363923749,1.597322675801611,-0.29790984451862684,0.18583313043738653,2.0550652556609337,0.2850264521213113,1.1944202496377312,0.2486122950241993,0.13153308815156883,0.6542594646172329,1.871436306037978,0.7533910016516635,-0.3953386502502861,0.3539322504224917,0.13400090068169038,0.806137159622053,0.8505285996737683,0.4006953421826378,0.5903954286370229,-0.08796436847186874,1.5649410468702951,1.003803740338039,-0.08526564238922353,0.5840926415043947,0.4432770551964857,0.22280733123901655,1
0.14548840989145329,2.3251030758367444,0.12020942785319425,0.004293366432395672,0.191246750498244,0.885373490189152,0.5469240943933628,0.7641412437072415,1.5553257282201205,-0.9117958989741644,0.1576845869647648,0.5749070915086419,-0.1983620562180045,-0.2127251085422676,0.14288710264371515,0.00847998878992407,0.4888443042134354,0.14486573832254362,-0.6511077745563056,-0.7663830228495838,0.5608679285297338,2.4409612680682846,0.19459204288381116,0.6295116707427818,1.3809921588421763,1.0743531728100288,1.6350518535121128,1.297592254430023,3.006821456037189,-0.4665130669091454,1
-0.6462145822032704,0.8696397090050065,-0.4156155097947736,-0.3838695081803744,-1.606945057229645,0.01815879069312458,0.5431609142645789,-0.577255248970831,-0.03508619852582609,0.4833165457939341,-0.7712305667902131,-0.4592661384601058,-0.3764164070021819,-0.549494978238098,-0.5811718507626678,0.32286147322857445,0.5690137590580293,-0.1403722936897887,-0.7793381591098151,0.7075003493300325,-0.5729466985197741,0.9668935417107122,-0.5797541298454046,-0.4364276394147981,-1.0278623272403289,0.4502131485983717,0.298198831481233,-0.5625270989264066,-0.1337628887506336,1.243222988899307,0
0.017794378908433068,-0.37424671472499377,0.0922247152878623,-0.07129325483187732,1.3253376691720222,0.6998122662795216,0.8856103059839154,0.004145421054477573,-0.6479054730517875,-0.0874756524208316,-0.2580914892306892,-0.11575022771676188,-0.30964602545811526,-0.31362417524617503,-0.18217340265740264,0.2820979770224972,0.782357266991576,0.6602390007084622,-0.8628088811304957,-0.09633296672792745,-0.29570005613905503,-0.03696935802728192,-0.591062798009782,-0.44081855764744593,0.6758547547343882,0.05488209456614102,0.5594340043054818,0.4547803449187264,-1.0453890186838977,-0.28435530707722145,0
-0.3766382945724503,-0.7485751525203768,-0.40409239285610754,-0.5347585904786033,0.7920660773191481,-0.02728477434596854,-0.057442634289334375,-0.4156691584983716,-0.8193489605679783,0.27086287400183784,-0.2598945077744683,-1.0585609146698656,-0.5519977806921347,-0.4356263147247559,-0.9638506628435946,-0.7950634501216526,0.08700319377338528,-0.04475272614019996,-0.49263437477791217,-0.6231517925787955,-0.519152573878739,-1.1823818076472945,-0.5473161080054797,-0.620319294998088,0.2860583015319468,-0.14341901292269524,0.4127588430500321,-0.5448797737453037,-0.4796635834416234,-0.12046869032874336,0
0.33844827893246104,0.9161401360603336,0.43750668355717504,0.15830821126410982,-0.3100285458434573,0.35519856473306527,-0.1229219685301746,-0.5050955913435764,2.1353153987536198,-0.11297009303588308,-0.28946401189244503,0.11628162756106387,-0.010910392475773252,0.06161483752848717,-0.669431106812664,-0.6152573435688189,-0.4486745272336728,-0.8850704511310771,0.6251474679338114,-0.7138523077898488,1.152603299581119,1.461503463137535,1.322482894015144,1.3478658936039618,-0.6643442866133324,-0.14341901292269524,-0.4399702807193961,-0.06246884142394625,2.3683598934066223,-0.3723889964792763,0
-0.847687386643146,-0.07896900292366676,-0.8526708736827476,-0.8748983861678314,-0.5482231902044069,-0.16020720208531591,-0.7392054342873543,-0.8671824447946219,-0.15546141316485407,0.8345732831568659,-0.05254737523987504,0.24498679728548323,0.04695727152908442,-0.3417616056124063,0.8309762460372694,-0.18193579485764205,-0.3327269685741364,-0.15657900005412595,1.1211329176219136,0.45618433843273903,-1.011575714823598,0.01672185054865646,-0.9151454198783894,-0.8258142682860051,-0.04680159109036283,0.26780155292755137,-0.5147458531241351,-0.6096880541517681,0.477220581311022,1.243222988899307,0
0.22494247361422104,-0.2254453481479469,0.5856610441971665,-0.06220012746173909,-0.4899188294951603,-0.29142549613569746,-0.2571420597901344,-0.38448587788087935,2.044122054330113,-0.5407101522439702,-0.4055784061118173,-0.8113019688894324,-0.25820810189824195,-0.3323091875987505,-1.0501115961151,0.07325485947355367,0.08865958746852133,0.5500333974309705,-0.04382802884062913,0.04916577642313706,0.6043170292013391,-0.5283252668131394,0.7808572082475912,0.2255471933391842,-1.391380367867325,0.26780155292755137,-0.02103534301592219,0.10944044697817742,1.1787201210114413,-0.3978578625955941,1
-1.2407012375575517,-0.9857273305025448,-1.2724415621627228,-1.1661626222425674,0.9627129867120676,-0.6538379273224653,-0.6372232527973102,-0.4674694841522222,-1.114815396500138,0.8983093846944935,-0.68793111006762,-0.12118847432483612,-0.7453845894605051,-0.6000544234274198,-0.6271332746679488,-0.7682600553560128,-0.6007314684471791,-0.6768142743493458,-0.6269133623763982,-0.8551939439937402,-1.139854012044528,-0.7837652591289661,-1.195778948273336,-0.9566636316189095,0.3824124809752473,-0.5489193545184561,-0.736196586784324,-0.755734883236758,-0.6122049711269567,-0.4499029368332864,0
0.12846253909371713,0.3651100754547071,0.1844096507971905,-0.1985970380138105,0.5289854253383975,0.8323559976435428,0.5255994069969209,0.8234152481867719,1.1248931425411717,0.4167477286324109,-0.2937912563975149,-0.7261027720296056,-0.3630623306933685,-0.3079087597030344,-1.1283792382726436,-0.4092062463079629,-0.02993820110323289,-0.4870337428229587,-0.8942616169643753,0.08809141420121436,0.27120725738569845,0.8172089602262785,0.6231310470075891,-0.012967485058244231,1.3065366565450816,0.8182142423036155,0.8949654189421313,0.63429623900236,1.3742994857666273,2.4612991944623235,1
-1.10023780347623,0.5371616555594179,-0.8954710223120786,-0.9476434051289364,1.936822427829984,0.45365962231776696,-0.5870475177468578,-0.48679796387380825,2.3614748929239147,4.563843402014125,0.05671554851313669,0.477018652563309,-0.09350782742287768,-0.3826488091133361,0.6108276866069017,-0.022790638436655783,-0.5937746149276069,0.3442082266038896,-0.05955439675756916,0.3053947318943629,-1.1026119257545806,-0.5982865385939072,-1.04906385866707,-0.909592988164925,0.7327913153145211,-0.6525189715719184,-0.8028235391193157,-0.7432600499190817,-0.26307155966315343,0.1696549149962666,0
-0.027607943218862938,0.1395830042363709,-0.06868738196279461,-0.10368752108799424,0.5360957132297695,0.8323559976435428,0.8655400119637346,0.308762261466674,2.3614748929239147,-0.13704817583898682,0.4771794729224162,0.3048075099742976,0.7433476212627562,0.06161483752848717,0.15620925450031836,0.7891288613391834,0.2519800058089541,-0.0204426665936945,1.2433146991304462,0.3749317935561702,0.014650662943839389,0.5943090943201111,0.18566414696456585,-0.4079744892672405,0.5488424272864022,1.077531075173632,0.574293252667962,0.8913995110373943,1.2579216819453598,0.2327734092845321,1
-0.3738006494394944,0.11168274800317445,-0.6065700190640955,-0.5228238608052971,-1.957482250274268,-0.9685346152181852,0.8856103059839154,-0.5522570818642464,-1.0783380587307356,-0.8778033114874294,-0.588765090159771,-0.4313498058719924,-0.4852273991480681,-0.4470571458110373,-0.8709286536437871,0.097266233951106,1.4886435385976662,0.14486573832254362,-0.5918314647155324,-0.47009467316014303,-0.5729466985197741,0.6073251448839752,-0.5428521600458572,-0.5937981488728953,-1.0147231209526055,-0.1701133927769615,1.5219298337203282,-0.24487524566655355,-0.27600242675440484,-0.2046266827130969,0
-0.1524643290689267,-1.0159526080885075,-0.030825712021463468,-0.2153624916025026,-1.3474195491945802,-0.1285860547456138,-0.3881007282718147,-0.46205750983017807,-1.308145286677971,-0.5463755834917592,-0.6154497646077014,-0.6552242912377072,-0.5960167729693341,-0.3441796660345043,-0.44062314867550434,0.844969267100933,0.2698690577164254,0.5176199847022962,-0.3680331520513885,0.8284343696114369,-0.11776564386486237,-0.5445953300179694,-0.24108927797536345,-0.3212099449901198,-0.3271046585617818,0.6612258655416203,-0.1365540157693972,-0.05181959346983252,-0.42794011507661583,0.8722634172051155,0
1.7998355224047995,-1.036877800263405,1.593933776330439,1.6825436866835082,-0.4643217930862224,0.5502271980258397,1.5617283357887597,2.5250946028752086,1.110302207433411,-0.5548737303634427,2.3541217769964304,-0.6996366385369787,2.4071666102571254,2.188628714275781,0.25379401684993663,2.239862603029438,0.9549534900247718,1.5354011443826645,1.2433146991304462,0.7075003493300325,1.661578478877066,-1.0457132767267243,1.3462906164664652,1.3689423011206714,-0.11249762252897667,1.6190456379316072,2.013243690866851,1.9532816641761757,0.9184864207999952,0.20398251715304228,1
1.873614295861656,-0.6718494478790875,1.5815875796104404,1.8644062340862704,-0.7999273815589634,-0.7110210799966573,-0.6271881057872196,-0.13991618113707713,0.31144851028349746,-1.4684245190694567,-0.5606380008768175,-1.0580170900090582,-0.7335142994082267,-0.21668193468751887,-1.1983205355198103,-0.7788697324507452,-0.7751165966711218,-0.6768142743493458,-1.010394795427931,-0.7474870821806143,1.6967515603731271,-0.0353423517067987,1.5635360838347698,1.9819144863983045,-0.8088755557782826,-0.338542218047928,-0.418879734656521,0.637338881274964,0.7730141660234106,-0.7588513562442699,0
-1.4549434450957297,-0.4416723339552179,-1.5588733260667054,-1.2815316757511943,-0.231104350249232,-0.8274702154093335,-0.6042327070016378,-0.7720863245644184,-0.9105423049914846,1.4237781329269452,-0.9187174836713412,-0.48736374593515513,-0.905633505166265,-0.7037672331679504,0.2557923396284271,-0.7509495295698704,0.06679519069272324,-0.6761660060947724,-1.0442669724798013,0.7093899433969294,-1.3593754206758286,-0.009310250579071118,-1.3395180725731866,-1.0179608501466728,0.7590697278899662,-0.2692639465213795,0.32647933642917926,-0.654262763445416,-0.5152234679425669,2.5332764247910484,0
-0.708642775128302,-1.0531529497327694,-1.0337484255760705,-0.7365123540035423,0.9058306835810948,-0.4315431550062347,-0.6633146350235453,-0.3630956936556575,0.4281759911455846,1.1645846533405884,-0.8289271601911433,-0.4715928307717403,-0.8057252305595874,-0.6622645233777592,-0.33337982622984863,-0.7118612455366458,-0.4884279759169425,-0.035028702321597834,-0.238593046888884,-0.468205079093246,-0.8998494559537562,-1.0066651250351335,-1.01364987152073,-0.7462508299104269,0.8948415261964343,-0.30040738968469044,-0.6101326409994112,-0.4758117941571939,0.532176766448843,0.5921058899256219,0
-0.13543845827119058,0.20933364481936173,-0.17321851419212136,0.3035140889560026,-1.2080579065236967,-0.6394474650600859,0.13473043095389772,-0.2837200702656774,-0.636962271720966,-0.8381452927529044,-0.6536737577358177,-0.2571446395266872,-0.6711952766337645,-0.5334478499823567,-0.853942910026618,-0.7269381550923181,0.15889068014229776,0.2988294487837457,-0.5071510220858565,-0.563440620064852,-0.16535275412423922,0.4820456582067864,-0.14764396735392843,-0.2128420830083722,-1.0410015335280514,-0.7510339448436159,0.6265402872328116,0.5612728244598649,0.05858375923173981,-0.5462416912732707,1
0.454791729383657,0.4371857373904646,0.4786606726238392,0.09835040266726168,1.5813080332614011,1.5253703644897136,1.1239450474735635,1.5483620942777263,0.22025516585999125,0.5569671520151931,1.9845029755217205,0.5005843878649634,2.122774244421287,1.5621312412776636,1.3085753900964938,0.36753379783797385,0.4865253530402449,1.4430229181059429,-0.7297396141410047,-0.02112712286542908,0.2794832765612429,0.10783420449570268,0.17376028573890517,-0.03263879874050646,1.6919533743182824,0.140049877910705,0.6011357658388939,1.0359250189860825,-0.5911923121036718,-0.1077342572705841,1
-0.8164732901806302,-1.2112544017208815,-0.6691240824454255,-0.7299766687062555,-0.45792253398398747,-0.6920862612303685,-0.8493411727230971,-1.095181191590451,-0.21747288737283849,-0.20786606643635225,-0.6486253058132362,0.9410823631189608,-0.5930492004562644,-0.4461778511120926,0.04630150168334196,-0.4069726300774929,-0.454306265797136,-0.5471606234346492,0.3420728454288942,-0.554748487357126,-0.8957114463659843,-1.260478111030477,-1.01364987152073,-0.706030018899373,-0.8088755557782826,-1.0205200652771622,-0.8891509787994024,-1.574509918794483,-0.7997025439501099,-0.980873428258256,0
0.2760200860074289,-0.462597526130115,0.5691994485705006,0.6575777359307545,-1.205213791367148,-0.4894837004310783,-0.5086479317305262,-0.5050955913435764,-1.0090311169688717,-1.1993165347994674,-0.6536737577358177,-0.28614862143641545,-0.7295575360574672,-0.31450346994511974,-0.4742615821134275,-0.5035765320453198,-0.4387361650628554,-0.6685488541035339,-1.0636225022237271,-0.02566214862598185,0.7346643312161546,0.3714092284139444,0.6528907000717403,0.27121274295872133,-0.4541169860097684,0.08602553772945155,-0.23050281186765917,-0.07159676824175817,-0.6445321388550866,-0.2638694799836619,1
-0.6178381308737105,-0.14174457944835825,-0.6773548802587579,-0.6035253662152726,1.7946166700025508,0.49720970548023113,0.04667201594035406,-0.1592446608586632,2.215565541846305,1.1645846533405884,1.2045171534828938,2.340524490263349,1.2958107041125513,-0.04390052634487999,3.38683107972659,0.9840118774476896,0.16750392735700606,0.6148602228883187,1.2796063174003072,-0.13336901043910754,-0.5419116266114845,0.055770002240247536,-0.5785637437228389,-0.576585749400916,1.1926635353848167,-0.26989952699410025,-0.2985677559796652,-0.2611533818249847,0.5919820267458832,-0.34082974933514354,0
-0.8022850645158499,-0.3161211809058349,-0.8650170704027468,-0.763223415653323,0.22110995964200517,-0.8094821375813592,-1.0166019855137796,-1.1165971471219684,-1.0819857925076763,-0.5690373084829161,-0.9554990619644342,-0.6807840502956551,-0.9300170593153204,-0.6372046244578344,-0.5225543825936139,-1.0729811495978805,-0.969775983723532,-1.9117652993118304,-0.6680438630822408,-0.7962386091065556,-1.0364037723502295,-0.245226167049102,-1.0556109823411832,-0.7806756288543857,0.3999314226922103,-0.8908616488421542,-1.110889310814994,-1.01101256990823,-0.47643086666881074,-0.7654954082746134,0
0.2760200860074289,0.7208383424279597,0.5691994485705006,0.732596036734394,1.4675434269994554,0.48395533234382887,0.2533960443482173,0.630903590159775,1.6063940010972844,0.4394094536235669,-0.016126400655537797,-0.2897741191751315,0.07514921040324582,-0.10105468177628726,-0.004988782964580171,-0.6152573435688189,-0.5762168417591629,-0.7939887613635027,1.0195163864663024,-0.5358525466881565,0.21741313274466384,1.0108227123637523,0.5844434980241929,0.7735337887736297,1.6612952263135958,0.5099577130341109,0.43528738088992136,0.4867280887810682,4.1043288004072,0.2604569594109644,1
-0.4248782618327022,-0.8439010279837974,-0.5361966977600999,-0.5498190826853946,0.2730150612490178,-0.18576920741980588,-0.5408858415004418,-0.30433711530203594,0.7345856284085658,-0.2815166726576122,-0.7059612955054106,-0.6539553670291567,-0.7028493834398405,-0.537404676127608,0.4286472599678535,-0.3717931744475907,-0.48577774600472445,0.005488063589244877,-0.02689194031469377,-0.37296953812164,-0.49018650676433545,-0.5950325259529413,-0.43988376044389366,-0.500535045611456,0.4130706289799341,-0.1701133927769615,-0.3819712790464895,-0.5082159343604261,0.5127804658119646,-0.43495381976501263,0
-0.4504170680293067,-0.1859199851509193,-0.40409239285610754,-0.459740289674964,-1.3616401249773238,-1.052037165977519,-0.9670032714164076,-0.9416615199884668,-1.4212250337631191,-0.8919668896069018,-0.6634100578722246,-0.55407290432753,-0.8126495664234166,-0.4795910496719922,-0.7966576570432243,-0.7950634501216526,-0.7672984184300787,-0.8477950264931019,0.16061475407958872,-0.8071982546945576,-0.5501876457870286,-0.245226167049102,-0.6604027896492548,-0.6557979143178823,-1.102317829537424,-0.949335052332452,-0.9896666040126958,-1.2868280919197788,-0.7948534687908905,-1.1480820710219064,0
-0.19219136093031083,0.011706829834221218,-0.2975035611734477,-0.28356094687853833,-0.39464097175077967,-0.821600421591784,-0.4402834927242851,-0.6891027182930757,-0.5384734597435801,-0.4528959679032368,-0.8422694974151085,-1.0781386024589323,-0.8062198259784324,-0.5272927870897436,-1.399818082350934,-0.910708930454236,-0.5411012954222747,-1.0393582957195662,-1.1192696502375146,-0.8026632289340051,-0.07017853360548512,-0.009310250579071118,0.19161607757739615,-0.129414636588064,-0.6687240220425735,-0.30040738968469044,-0.4054584780710551,-0.8243464664839772,0.15718162080253598,-0.3928748235728359,0
-0.08719849101093863,1.71594748141196,0.0823477579118631,-0.18808310949208823,-0.6769194010382342,-0.13956824963006126,-0.2688079181893645,-0.5769975359078765,-0.08615447140298996,-0.5208811428767077,0.016688536841241303,1.7350663678977716,0.6246447207399711,-0.3932003455006728,-0.1728478963577803,0.14528898290621062,0.19003088161085885,-0.1581996706905596,-0.11883070659834204,0.7075003493300325,-0.003970380201134248,1.6372201457496969,0.12316887552984836,-0.1729725454559301,-0.3665222774249499,-0.004226889396877604,0.06907880834363533,-0.494371912020078,-0.1256810968186011,-0.18469452662206576,0
-0.12408787773936684,-0.08826908833473199,0.1473710606371925,-0.1770008605097325,-0.2666557897060903,0.07875021074524866,0.43528308390610665,0.05414175526764695,0.12906182143648506,0.4748183989222496,0.09349712680622972,1.653492668776661,0.20621699639715427,-0.20525110360123744,0.0975917863312644,1.1755444692104908,0.8416561612774532,1.071889342362624,0.58885584966395,0.8752963024704811,-0.3763912431006077,-0.0987955982056347,-0.24852919124140124,-0.44081855764744593,-0.7475592597689098,-0.09130141415960362,0.23348920151559363,-0.5824564058119627,-0.7528281507443216,0.07110147654616775,1
-0.6036499052089304,-0.6904496187012179,-0.5802314660614304,-0.6987190433714059,-0.4529453324600273,-0.8882509836491206,-0.6153968080503635,-0.6782787696489875,-1.9610896327502747,-0.35233456325497764,-0.07887144597904959,0.7960624535703196,-0.06482129312987142,-0.2964779286167528,-0.11622875096721678,0.4686049322667406,0.8416561612774532,0.3442082266038896,-0.3680331520513885,4.142494971959934e-4,-0.5812227176953177,-0.2240750848828235,-0.5354122467798195,-0.5908123244746947,-0.9709257666601964,-0.4205320990288892,0.10406994158431436,-0.6387452878551357,-1.2021757821653274,-0.3851234295374348,0
-0.5071699706884264,-0.6206989781182272,-0.4217886081547734,-0.6077877696700249,0.3014562128145042,-0.2217453630757546,-0.5520499425491674,-0.7272442516103388,0.4500623938072267,0.8699822284555485,-0.7719517742077248,0.477018652563309,-0.6969142384137013,-0.5714773457117162,-0.2994083389955106,0.084981344683521,-0.4957161081755418,0.02493611122644941,0.8888665606948025,0.03669445558161738,-0.4322543725355286,-0.8439644929868363,-0.5922531841323483,-0.7109478473199385,-0.887710793504619,-0.19553661168578665,-0.9437946663259424,-0.8474705477557674,-0.04809589427108886,-0.1725137645664357,0
-0.5866240344111942,1.78569812199495,-0.5921661228907633,-0.45036300207450913,-0.5823525720829914,-0.7846775249975209,-0.5870475177468578,-0.9130553700005194,0.7856539012857287,-0.19795156175272105,0.49881569544776505,2.6569992215119307e-4,0.34519830909258176,-0.129631759491991,1.0487934288927314,-0.5834283122846217,-0.05312771283514014,0.033039464408617894,1.7538167961264932,-0.5513472180367116,-0.521221578672625,1.5721398929303785,-0.43036067146336543,-0.5021157761752092,0.4086908935506924,-0.5660800272819129,-0.004738102876427711,-0.2260108635764089,1.9351758458496815,-0.5119140891164943,1
-1.046322545950066,-0.8787763482752928,-0.958025085693408,-0.8996203262053944,-0.6769194010382342,-0.8337187056022088,-0.914695067626311,-1.0577612548494604,0.3552213156067796,-0.1455463227106713,-0.6003044088399571,-0.3006506123912796,-0.6430033377596032,-0.5224566662455477,0.9775199164599048,-0.7408982565327554,-0.5762168417591629,-0.30827377162432085,0.0650468259689545,-0.4156743640335111,-1.1212329688995544,-0.9985300934327184,-1.0823946700989195,-0.9032700659099124,-0.5460914300238273,-0.9889952738302192,-1.2715129923074815,-1.02622578127125,-0.5944250288764845,-0.7516536332113972,0
1.1613653674897,0.08843253447551137,1.5280873938237765,1.000559133923151,-0.6349687024791419,-0.6080156659080462,-0.5087733710681523,-0.07445706314663898,-0.1518136793879142,-1.078926120783947,-0.03271417125830523,0.4951461412568892,-0.1845133844903463,0.10162274633047225,-0.3996575317164496,-0.5510408769428068,-0.4602692830996265,0.6148602228883187,-0.6281230829853935,-0.583848235987339,0.6870772209567774,-0.3851487106106381,0.5963473592498533,0.27121274295872133,-1.1198367712543875,-0.7580253300435427,-0.900415247719347,0.4106620319659692,-1.1003452038217183,-1.111539784855016,1
-0.16949019986666283,0.07215738500614681,-0.22095714150945228,-0.26111228868350994,0.4294413948591946,0.5199314879997778,1.2142613705643777,0.6677565581622654,2.5876343870942096,0.551301720767404,0.5756242854127535,-0.22088966213952685,0.19385211092603089,0.30517946913617644,0.6814350914468987,-0.3031094753606388,-0.16841271401662203,0.9454770327207948,-0.25915829724180534,0.500778758411507,-0.1612147445364674,0.050888983278798434,-0.2881095298167224,-0.22952757229243384,0.39555168726296985,0.21314163227357727,0.21096066367570407,0.7286181494530828,0.477220581311022,0.4797106764123069,1
-0.1865160706643985,-1.0926783127297974,-0.2542918726534498,-0.3082828869161014,-0.3541123307699612,-0.2541239031661085,-0.8662754833026245,-0.4167000107501895,0.17648236053670807,-0.2786839570337177,-0.24222492604543333,-0.3006506123912796,-0.22556480425447592,-0.25251319366951647,-0.9771728147001976,-0.4343344289007502,-0.724298438104342,0.02493611122644941,-0.08737797076446241,-0.8378096785782883,-0.4529444204743882,-1.0066651250351335,-0.4178616171764218,-0.4799855482826644,-1.8573842175385584,-0.8323882453518562,-0.8535367157886837,-0.07159676824175817,-0.8029352607229229,-1.1801949891685677,0
2.236832872880024,-0.06269385345430221,2.100127841850409,2.4270434901135647,1.8586092610248957,2.1975564306929662,3.4458271869332413,2.9142413279364745,1.1577227465336342,-0.3268401226399261,0.11982119754540428,-1.306726234884978,0.7107043236189904,0.4564181573546696,-0.82063753038511,0.17879322636326037,0.756517525347451,1.143198850365707,-0.8591797193035096,-0.21084236718188237,2.4291792574087583,-0.17363788894785157,2.6378595594506304,2.6405522212954744,2.4496476035769605,2.831097599409845,3.300725661886909,2.683515809601125,1.5327026076344643,1.237686278874021,1
-0.4277159069656587,-1.246129722012377,-0.5361966977600999,-0.6310889085560037,0.4934339858815393,0.05224146447244436,-0.6280661811506026,-0.09301240367936156,0.0634026134515608,-0.04781763368630664,-0.4048571986943057,0.2250465597225449,-0.09350782742287768,-0.4573888585236378,-1.2332911841433938,-0.6174909597992889,-0.4599380043605991,-0.9004668221771973,-0.3910178436223009,-0.4583791899453819,-0.6184648039852654,-0.7642411832831704,-0.2041873081758156,-0.4336174517459035,-0.8745715872168964,-0.2883313607029984,-0.40018584155533615,-1.0190755719306306,0.3236665346024047,-0.3862307715424924,0
0.10008608776415728,0.34185986192704404,0.0823477579118631,0.038960914531047296,-1.3772827583383414,-1.081764831440592,-0.6611821662839011,-0.3030485499872635,-0.4801097193125355,-1.5633204924699258,-0.21337662934496837,0.5314011186440495,-0.13307546093047273,-0.23954359686008173,-0.8702625460509571,-0.7498327214546354,-0.5192368986464764,-0.599994486182388,-0.4055344909302452,-0.7962386091065556,0.06223777320321663,-0.0353423517067987,-0.23305417164804224,-0.2839749583772665,-1.4132790450135295,-1.1389922653922873,-0.2424860766761109,-0.3626255016163266,-0.8595078042471503,-1.3784092080738224,1
-0.1865160706643985,0.6231874456117724,0.1671249753891915,0.07391262286001547,1.4675434269994554,-0.4364662078854697,0.02032975503886657,0.20026506196283744,-0.5202347908588788,-0.2843493882815077,-0.3843027872952244,0.5332138675134074,-0.6430033377596032,-0.28438762650626287,0.8919250907812292,-0.7196789023432907,-0.16841271401662203,0.10272830177526726,-0.3414192986534906,-0.658676161036458,0.18844706563026023,0.854630105597387,-0.24852919124140124,-0.22952757229243384,2.059851150374519,-0.49870849717352633,-0.2985677559796652,1.0937352221655576,-0.10305207940890997,-0.7018232429838194,1
1.2294688506806446,0.8417394527718101,1.4087408255304508,1.1966296928417537,0.8916101077983511,1.0652542684688953,1.6821500999098449,0.8765041391553952,-0.5494166610744006,0.562632583262982,-0.3262455901855382,-0.3115271056074277,-0.1988566516368494,0.10667869084940436,-0.862269254936995,-0.41088145848081536,0.2261402641648288,-0.7640063545894793,-0.8047422918987179,-0.5029736099241499,1.4670920282517852,1.663252246877424,1.1707086633879726,1.3425967917247843,1.1401067102339266,1.05528575862841,1.6580597219443405,1.4695015428321463,1.1059839936231488,1.0383647179637088,1
0.454791729383657,-0.041768661279405046,0.6021226398238319,-0.07100909460156044,0.0284211577858332,0.17721126832995038,0.26970315823961416,0.8074370382835943,-1.1184631302770789,-0.5959481069099144,-0.6662948875422711,-0.25170639291861296,-0.4763246816088592,-0.46442321611519566,-0.8133103468639785,-0.3042262834758737,0.4129814729761959,0.27614005987367385,-1.1966917692132182,-0.569109402265543,0.4056925689882865,0.970147554351678,0.1975680081902265,0.2975582523546081,0.22036227009333292,-0.023294303578496472,1.373816680687864,1.0937352221655576,-0.7350482084938499,-0.014717528845771847,1
-0.7852591937181144,-1.948286170547816,-0.8316823392587487,-0.5955688797664018,-1.23721008687832,-1.258237342342404,-0.9869481260989622,-1.0129191818953809,-0.3342003682349266,-0.7829073380869592,-0.7932273930243178,-0.9095529576086367,-0.6860331391991126,-0.5589473962517538,-0.4509478163643717,-0.9211510863316832,-0.6037129770984242,-1.0212067845915085,0.17997028382351474,-0.9481619720850696,-0.7632951395572827,-1.3727415471438025,-0.8708035368128041,-0.7186758634093988,-1.0366217980988102,-1.1252001691342497,-0.9896666040126958,-0.8982826737082534,-0.0965866458632838,-1.0689071176603102,0
-0.5156829060872943,2.032150385388184,-0.6069815589547624,-0.459740289674964,1.3253376691720222,0.46502051357754,-0.3015475853097846,0.1819674344930694,0.895085914593936,0.8813130909511265,2.462302889623175,4.2620382917828445,1.2448673759715227,1.1534790299431017,3.7665124076397816,-0.250619493944594,-0.08228024186953793,0.9179256319014218,1.5759878666041738,0.4694114969010175,-0.30397607531459875,2.784259601690192,-0.28602635410223154,-0.368807498632022,1.9853956480774235,-0.18600290459497723,-0.4500362231584957,0.4654295928728403,1.1156821439415876,0.4503661132782886,1
3.715245987150098,1.3578941930859407,3.384132300730332,4.532670796761168,0.6427500316003433,2.2373195501021725,2.886367741120699,3.4940957195840565,1.0738248696640087,-0.2843493882815077,2.1774259597060808,0.4026959489196305,2.4071666102571254,1.529157690067236,-0.9715109001611412,0.44682717401965855,0.03797394039735268,1.1091647670005993,-1.0019267511649634,-0.12996774111869308,3.4864407070844847,1.7332135186581916,3.10806207786422,4.133464420395726,0.7853481404654112,2.144670688871567,2.046317501738178,2.0719447128077304,0.3786227197402258,0.4271119311720862,1
-0.4050147459020107,-0.9066766045084887,-0.5361966977600999,-0.4497946816138754,0.4294413948591946,-0.8274702154093335,-0.9254828506621582,-0.898365725412114,0.1400050227673056,-0.2588549476664552,-0.4996959740970849,-0.22088966213952685,-0.4090597046459477,-0.4646430397899319,-0.4376256645077685,-0.8999317321422184,-1.0037320544738249,-1.9117652993118304,-0.4636010801620232,-0.5373642219416742,-0.4529444204743882,-0.6845178735795049,-0.4562515696291768,-0.5082630617009161,0.4130706289799341,-0.5381144864822054,-1.0054365805006185,-0.968719842319035,0.7730141660234106,-0.30594847617583865,0
1.995633036578764,1.6926972678842962,2.7544762680103703,3.8506862440008103,-0.584485658450403,-0.16020720208531591,0.3035717793986696,0.29123777318576927,0.05975487967461995,-1.0350190286135803,-0.7441852886335271,-1.4202043141067895,-0.7473629711358849,-0.42617389671110006,-1.774503603317898,-0.8118155718501775,-0.5712476606737541,-1.0724199767028135,-0.89305189635538,-1.0343274615355704,1.959515169196644,0.7846688338166191,2.123017561440813,2.9531855994599976,-0.5855090488869961,0.5442790585610245,0.1826801587277581,0.838153271266825,0.493384165175087,-0.6353827226803817,1
0.3270976984006368,-0.08129402427643266,0.4621990769971739,0.776925032663817,0.6214191679262286,0.016265308816495645,0.8279082106758954,0.4499890199657292,0.3953463871531229,-0.22486236017972025,-0.7315641588270735,-1.1662381975097318,-0.5821681012416758,-0.4323289596037131,-1.1353733679973603,-0.6253086166059338,-0.18663304466312067,-0.6090702417464169,-0.7321590553589956,-0.4583791899453819,1.2663985632448471,0.23962171645482325,1.3373627205472194,1.4181205853263266,0.2860583015319468,0.369494428562852,0.10406994158431436,1.209355628524508,1.2611543987181724,0.3495979908180761,1
1.3827016878602685,0.7882639616581838,1.3511252408371206,1.3301850010906568,0.036242474466341934,0.45365962231776696,1.4325258180338452,0.8708344517703965,0.20931196452917072,-0.5860336022262842,2.920269599743059,0.215982815375755,2.166793236698486,2.144663979328545,0.06328724530051097,0.6696303930090395,0.8111785172869466,0.19024451614268756,-0.24464164993386103,0.3749317935561702,1.4588160090762416,0.8220899791877276,1.0844056695019335,0.9298504778558914,-0.1475355059629038,0.21314163227357727,0.32600000583684124,0.6464668080927757,-0.34388947898347827,-0.07949703614162344,1
-0.8136356450476743,-0.4858477396577789,-0.6983434146827568,-0.733954911930691,0.7920660773191481,0.9762606202673384,0.3035717793986696,0.4448347587066398,-0.15546141316485407,4.66723752228628,-0.6634100578722246,-0.8694912075958248,-0.5584275211371188,-0.4943192358793164,-0.08925139345759522,1.2196583897622728,0.5348920489382228,0.33124286151241994,-0.6825605103901853,2.1061778776471503,-0.7839851874961422,-0.8358294613844213,-0.6952215837343114,-0.7137580349888332,-0.5679901071700318,0.3256393759451285,0.06907880834363533,-0.4540569019080756,-1.0712507528664013,2.2841244736531583,0
-0.3056971662485504,1.9344994885719968,-0.3818692387601092,-0.321354257510675,-1.8707367379995337,-1.02590711608004,-0.7932697888042166,-0.9182096312596092,-0.5494166610744006,-0.8678888068037981,0.14975130537213677,2.6569992215119307e-4,-0.2319945446994603,-0.26416384843053414,-0.30240582316324616,-0.18193579485764205,-0.3940135352941771,-0.4427894344483186,-0.6680438630822408,-0.33933476373087457,-0.3991502958333532,1.0352278071709968,-0.5065453833075928,-0.4919288458754663,-1.8573842175385584,-1.0346299517715605,-0.9690074554829252,-1.1365215636531434,-1.1391378050954744,-1.014093688409975,0
1.4962074931785077,-1.3600557682979284,1.5651259839837746,1.557513185344109,0.21115555659408475,0.2680983984081366,0.6234420903453027,0.969280841819008,0.15824369165200683,-0.5959481069099144,0.09349712680622972,-0.7891864326832646,0.08751409587436942,0.01984833932861268,-0.4995736706409735,-0.07974785231364037,0.2619183679797716,0.40903505206123775,-0.40432477032124986,-0.47009467316014303,0.8588046188493127,-1.5452042171149971,0.7808572082475912,0.9491705180795416,0.1108688843623099,-0.11354673070482564,0.32600000583684124,0.17029329243025643,-0.7334318501074436,-1.0406698965313494,1
1.4962074931785077,-0.6834745546429186,1.721511142437099,1.6825436866835082,0.5218751374470257,0.15448948581040395,0.5469240943933628,1.0133497755842242,-1.4686455728633423,-0.5520410147395481,-0.6536737577358177,-1.4202043141067895,-0.4402192160331788,-0.30527087560620014,-0.915890916159823,-0.36006668923762336,-0.4013016675527766,-0.8625431292846486,-1.5315424337831371,-0.538120059568433,1.5912323158849433,-0.2370911354466876,1.3373627205472194,1.7412921672492048,1.043752530790626,0.884314611466561,0.4496672986600635,1.4588522948780325,-1.0324581515926452,0.7067157874490514,1
-0.754045097255598,-0.17429487838708735,-0.8148092037414165,-0.8095415331949639,-1.5642833298814165,-1.175302836146059,-0.906039753330108,-1.0996396275795637,-1.235190611139167,-0.795654558394485,-0.006750704227886654,0.5168991276891853,-0.05295100307759291,-0.3747351568228336,0.9775199164599048,-0.05517807377847039,0.19003088161085885,0.3085534726023481,1.5759878666041738,0.7075003493300325,-0.978471638121423,-1.0733723841749354,-0.9803190600888808,-0.8258142682860051,-1.8573842175385584,-1.1218315926288305,-1.0886963043897413,-1.0884478157460007,-1.1391378050954744,-1.004681281366988,0
-0.3312359724451543,-1.4995570494639097,-0.5703545086854312,-0.5958530399967187,1.0764775929740145,0.1885721595897237,1.0047776767287395,0.4280834096145986,0.4500623938072267,1.1589192220927993,-0.2598945077744683,-1.0259314350214213,-0.3185487429973242,-0.4773928129246304,-0.11456348198514146,0.15924908434664803,0.5186593907258878,0.6116188816154513,0.8695110309508766,0.2456835593804194,-0.521221578672625,-1.6721107101126689,-0.632726312299594,-0.5639399048908903,0.6276776650127385,-0.04490403965099775,1.4850213781102966,0.35437314992279584,0.2897230084878684,0.4946597934805807,0
0.934353756853221,-0.16499479297602213,0.9313545523571456,0.780050795197302,-0.6847407177187429,-0.3461471223702722,-0.5078952957047694,-0.01466763254119956,-0.8302921618987988,-0.16112625864209154,0.060682189309450615,-0.5386645389379869,-0.22556480425447592,-0.23536694704009437,-0.9805033526643484,-0.7012515684419134,-0.349622184264526,-1.0100241572001158,-1.0442669724798013,-0.17002713533690836,1.2374324961304437,0.1436283435463279,1.120117253178916,1.245996590606533,-0.7957363494905602,-0.13134298394100322,-0.4433255948657626,-0.47961509699794885,-0.7156519078569723,0.2045361881555707,0
0.571135179834853,-0.2858959033198725,1.2112016780104626,0.6098388172375296,0.8844998199069793,-0.3949989547872973,-0.3748041584834449,0.1819674344930694,0.5667898746693147,-0.24044229611114049,1.017724432347382,-0.02511278424886104,-0.010910392475773252,0.2058191681554224,0.18451882719560012,-0.6169325557416714,-0.4003078313356948,-0.6768142743493458,1.3146882150611732,-0.52753833279381,1.5333001816561362,0.26239980494158494,1.4534253674974096,1.6306410277864802,1.3897516297006582,-0.2711706879395414,0.30826477392033275,-0.11571508119451555,1.865672435234203,-0.4344001487624842,1
